1,フシギダネ,くさ,どく,しんりょく,x,ようりょくそ,45,49,49,65,65,45,6.9
2,フシギソウ,くさ,どく,しんりょく,x,ようりょくそ,60,62,63,80,80,60,13
3,フシギバナ,くさ,どく,しんりょく,x,ようりょくそ,80,82,83,100,100,80,100
4,ヒトカゲ,ほのお,x,もうか,x,サンパワー,39,52,43,60,50,65,8.5
5,リザード,ほのお,x,もうか,x,サンパワー,58,64,58,80,65,80,19
6,リザードン,ほのお,ひこう,もうか,x,サンパワー,78,84,78,109,85,100,90.5
7,ゼニガメ,みず,x,げきりゅう,x,あめうけざら,44,48,65,50,64,43,9
8,カメール,みず,x,げきりゅう,x,あめうけざら,59,63,80,65,80,58,22.5
9,カメックス,みず,x,げきりゅう,x,あめうけざら,79,83,100,85,105,78,85.5
10,キャタピー,むし,x,りんぷん,x,にげあし,45,30,35,20,20,45,2.9
11,トランセル,むし,x,だっぴ,x,x,50,20,55,25,25,30,9.9
12,バタフリー,むし,ひこう,ふくがん,x,いろめがね,60,45,50,90,80,70,32
13,ビードル,むし,どく,りんぷん,x,にげあし,40,35,30,20,20,50,3.2
14,コクーン,むし,どく,だっぴ,x,x,45,25,50,25,25,35,10
15,スピアー,むし,どく,むしのしらせ,x,スナイパー,65,90,40,45,80,75,29.5
16,ポッポ,ノーマル,ひこう,するどいめ,ちどりあし,はとむね,40,45,40,35,35,56,1.8
17,ピジョン,ノーマル,ひこう,するどいめ,ちどりあし,はとむね,63,60,55,50,50,71,30
18,ピジョット,ノーマル,ひこう,するどいめ,ちどりあし,はとむね,83,80,75,70,70,101,39.5
19,コラッタ,ノーマル,x,にげあし,こんじょう,はりきり,30,56,35,25,35,72,3.5
20,ラッタ,ノーマル,x,にげあし,こんじょう,はりきり,55,81,60,50,70,97,18.5
21,オニスズメ,ノーマル,ひこう,するどいめ,x,スナイパー,40,60,30,31,31,70,2
22,オニドリル,ノーマル,ひこう,するどいめ,x,スナイパー,65,90,65,61,61,100,38
23,アーボ,どく,x,いかく,だっぴ,きんちょうかん,35,60,44,40,54,55,6.9
24,アーボック,どく,x,いかく,だっぴ,きんちょうかん,60,95,69,65,79,80,65
25,ピカチュウ,でんき,x,せいでんき,x,ひらいしん,35,55,40,50,50,90,6
26,ライチュウ,でんき,x,せいでんき,x,ひらいしん,60,90,55,90,80,110,30
27,サンド,じめん,x,すながくれ,x,すなかき,50,75,85,20,30,40,12
28,サンドパン,じめん,x,すながくれ,x,すなかき,75,100,110,45,55,65,29.5
29,ニドラン♀,どく,x,どくのトゲ,とうそうしん,はりきり,55,47,52,40,40,41,7
30,ニドリーナ,どく,x,どくのトゲ,とうそうしん,はりきり,70,62,67,55,55,56,20
31,ニドクイン,どく,じめん,どくのトゲ,とうそうしん,ちからずく,90,92,87,75,85,76,60
32,ニドラン♂,どく,x,どくのトゲ,とうそうしん,はりきり,46,57,40,40,40,50,9
33,ニドリーノ,どく,x,どくのトゲ,とうそうしん,はりきり,61,72,57,55,55,65,19.5
34,ニドキング,どく,じめん,どくのトゲ,とうそうしん,ちからずく,81,102,77,85,75,85,62
35,ピッピ,フェアリー,x,メロメロボディ,マジックガード,てんねん,70,45,48,60,65,35,7.5
36,ピクシー,フェアリー,x,メロメロボディ,マジックガード,てんねん,95,70,73,95,90,60,40
37,ロコン,ほのお,x,もらいび,x,ひでり,38,41,40,50,65,65,9.9
38,キュウコン,ほのお,x,もらいび,x,ひでり,73,76,75,81,100,100,19.9
39,プリン,ノーマル,フェアリー,メロメロボディ,x,フレンドガード,115,45,20,45,25,20,5.5
40,プクリン,ノーマル,フェアリー,メロメロボディ,x,フレンドガード,140,70,45,85,50,45,12
41,ズバット,どく,ひこう,せいしんりょく,x,すりぬけ,40,45,35,30,40,55,7.5
42,ゴルバット,どく,ひこう,せいしんりょく,x,すりぬけ,75,80,70,65,75,90,55
43,ナゾノクサ,くさ,どく,ようりょくそ,x,にげあし,45,50,55,75,65,30,5.4
44,クサイハナ,くさ,どく,ようりょくそ,x,あくしゅう,60,65,70,85,75,40,8.6
45,ラフレシア,くさ,どく,ようりょくそ,x,ほうし,75,80,85,110,90,50,18.6
46,パラス,むし,くさ,ほうし,かんそうはだ,しめりけ,35,70,55,45,55,25,5.4
47,パラセクト,むし,くさ,ほうし,かんそうはだ,しめりけ,60,95,80,60,80,30,29.5
48,コンパン,むし,どく,ふくがん,いろめがね,にげあし,60,55,50,40,55,45,30
49,モルフォン,むし,どく,りんぷん,いろめがね,ミラクルスキン,70,65,60,90,75,90,12.5
50,ディグダ,じめん,x,すながくれ,ありじごく,すなのちから,10,55,25,35,45,95,0.8
51,ダグトリオ,じめん,x,すながくれ,ありじごく,すなのちから,35,100,50,50,70,120,33.3
52,ニャース,ノーマル,x,ものひろい,テクニシャン,きんちょうかん,40,45,35,40,40,90,4.2
53,ペルシアン,ノーマル,x,じゅうなん,テクニシャン,きんちょうかん,65,70,60,65,65,115,32
54,コダック,みず,x,しめりけ,ノーてんき,すいすい,50,52,48,65,50,55,19.6
55,ゴルダック,みず,x,しめりけ,ノーてんき,すいすい,80,82,78,95,80,85,76.6
56,マンキー,かくとう,x,やるき,いかりのつぼ,まけんき,40,80,35,35,45,70,28
57,オコリザル,かくとう,x,やるき,いかりのつぼ,まけんき,65,105,60,60,70,95,32
58,ガーディ,ほのお,x,いかく,もらいび,せいぎのこころ,55,70,45,70,50,60,19
59,ウインディ,ほのお,x,いかく,もらいび,せいぎのこころ,90,110,80,100,80,95,155
60,ニョロモ,みず,x,ちょすい,しめりけ,すいすい,40,50,40,40,40,90,12.4
61,ニョロゾ,みず,x,ちょすい,しめりけ,すいすい,65,65,65,50,50,90,20
62,ニョロボン,みず,かくとう,ちょすい,しめりけ,すいすい,90,95,95,70,90,70,54
63,ケーシィ,エスパー,x,シンクロ,せいしんりょく,マジックガード,25,20,15,105,55,90,19.5
64,ユンゲラー,エスパー,x,シンクロ,せいしんりょく,マジックガード,40,35,30,120,70,105,56.5
65,フーディン,エスパー,x,シンクロ,せいしんりょく,マジックガード,55,50,45,135,95,120,48
66,ワンリキー,かくとう,x,こんじょう,ノーガード,ふくつのこころ,70,80,50,35,35,35,19.5
67,ゴーリキー,かくとう,x,こんじょう,ノーガード,ふくつのこころ,80,100,70,50,60,45,70.5
68,カイリキー,かくとう,x,こんじょう,ノーガード,ふくつのこころ,90,130,80,65,85,55,130
69,マダツボミ,くさ,どく,ようりょくそ,x,くいしんぼう,50,75,35,70,30,40,4
70,ウツドン,くさ,どく,ようりょくそ,x,くいしんぼう,65,90,50,85,45,55,6.4
71,ウツボット,くさ,どく,ようりょくそ,x,くいしんぼう,80,105,65,100,70,70,15.5
72,メノクラゲ,みず,どく,クリアボディ,ヘドロえき,あめうけざら,40,40,35,50,100,70,45.5
73,ドククラゲ,みず,どく,クリアボディ,ヘドロえき,あめうけざら,80,70,65,80,120,100,55
74,イシツブテ,いわ,じめん,いしあたま,がんじょう,すながくれ,40,80,100,30,30,20,20
75,ゴローン,いわ,じめん,いしあたま,がんじょう,すながくれ,55,95,115,45,45,35,105
76,ゴローニャ,いわ,じめん,いしあたま,がんじょう,すながくれ,80,120,130,55,65,45,300
77,ポニータ,ほのお,x,にげあし,もらいび,ほのおのからだ,50,85,55,65,65,90,30
78,ギャロップ,ほのお,x,にげあし,もらいび,ほのおのからだ,65,100,70,80,80,105,95
79,ヤドン,みず,エスパー,どんかん,マイペース,さいせいりょく,90,65,65,40,40,15,36
80,ヤドラン,みず,エスパー,どんかん,マイペース,さいせいりょく,95,75,110,100,80,30,78.5
81,コイル,でんき,はがね,じりょく,がんじょう,アナライズ,25,35,70,95,55,45,6
82,レアコイル,でんき,はがね,じりょく,がんじょう,アナライズ,50,60,95,120,70,70,60
83,カモネギ,ノーマル,ひこう,するどいめ,せいしんりょく,まけんき,52,90,55,58,62,60,15
84,ドードー,ノーマル,ひこう,にげあし,はやおき,ちどりあし,35,85,45,35,35,75,39.2
85,ドードリオ,ノーマル,ひこう,にげあし,はやおき,ちどりあし,60,110,70,60,60,110,85.2
86,パウワウ,みず,x,あついしぼう,うるおいボディ,アイスボディ,65,45,55,45,70,45,90
87,ジュゴン,みず,こおり,あついしぼう,うるおいボディ,アイスボディ,90,70,80,70,95,70,120
88,ベトベター,どく,x,あくしゅう,ねんちゃく,どくしゅ,80,80,50,40,50,25,30
89,ベトベトン,どく,x,あくしゅう,ねんちゃく,どくしゅ,105,105,75,65,100,50,30
90,シェルダー,みず,x,シェルアーマー,スキルリンク,ぼうじん,30,65,100,45,25,40,4
91,パルシェン,みず,こおり,シェルアーマー,スキルリンク,ぼうじん,50,95,180,85,45,70,132.5
92,ゴース,ゴースト,どく,ふゆう,x,x,30,35,30,100,35,80,0.1
93,ゴースト,ゴースト,どく,ふゆう,x,x,45,50,45,115,55,95,0.1
94,ゲンガー,ゴースト,どく,のろわれボディ,x,x,60,65,60,130,75,110,40.5
95,イワーク,いわ,じめん,いしあたま,がんじょう,くだけるよろい,35,45,160,30,45,70,210
96,スリープ,エスパー,x,ふみん,よちむ,せいしんりょく,60,48,45,43,90,42,32.4
97,スリーパー,エスパー,x,ふみん,よちむ,せいしんりょく,85,73,70,73,115,67,75.6
98,クラブ,みず,x,かいりきバサミ,シェルアーマー,ちからずく,30,105,90,25,25,50,6.5
99,キングラー,みず,x,かいりきバサミ,シェルアーマー,ちからずく,55,130,115,50,50,75,60
100,ビリリダマ,でんき,x,ぼうおん,せいでんき,ゆうばく,40,30,50,55,55,100,10.4
101,マルマイン,でんき,x,ぼうおん,せいでんき,ゆうばく,60,50,70,80,80,150,66.6
102,タマタマ,くさ,エスパー,ようりょくそ,x,しゅうかく,60,40,80,60,45,40,25
103,ナッシー,くさ,エスパー,ようりょくそ,x,しゅうかく,95,95,85,125,75,55,120
104,カラカラ,じめん,x,いしあたま,ひらいしん,カブトアーマー,50,50,95,40,50,35,6.5
105,ガラガラ,じめん,x,いしあたま,ひらいしん,カブトアーマー,60,80,110,50,80,45,45
106,サワムラー,かくとう,x,じゅうなん,すてみ,かるわざ,50,120,53,35,110,87,49.8
107,エビワラー,かくとう,x,するどいめ,てつのこぶし,せいしんりょく,50,105,79,35,110,76,50.2
108,ベロリンガ,ノーマル,x,マイペース,どんかん,ノーてんき,90,55,75,60,75,30,65.5
109,ドガース,どく,x,ふゆう,x,x,40,65,95,60,45,35,1
110,マタドガス,どく,x,ふゆう,x,x,65,90,120,85,70,60,9.5
111,サイホーン,じめん,いわ,ひらいしん,いしあたま,すてみ,80,85,95,30,30,25,115
112,サイドン,じめん,いわ,ひらいしん,いしあたま,すてみ,105,130,120,45,45,40,120
113,ラッキー,ノーマル,x,しぜんかいふく,てんのめぐみ,いやしのこころ,250,5,5,35,105,50,34.6
114,モンジャラ,くさ,x,ようりょくそ,リーフガード,さいせいりょく,65,55,115,100,40,60,35
115,ガルーラ,ノーマル,x,はやおき,きもったま,せいしんりょく,105,95,80,40,80,90,80
116,タッツー,みず,x,すいすい,スナイパー,しめりけ,30,40,70,70,25,60,8
117,シードラ,みず,x,どくのトゲ,スナイパー,しめりけ,55,65,95,95,45,85,25
118,トサキント,みず,x,すいすい,みずのベール,ひらいしん,45,67,60,35,50,63,15
119,アズマオウ,みず,x,すいすい,みずのベール,ひらいしん,80,92,65,65,80,68,39
120,ヒトデマン,みず,x,はっこう,しぜんかいふく,アナライズ,30,45,55,70,55,85,34.5
121,スターミー,みず,エスパー,はっこう,しぜんかいふく,アナライズ,60,75,85,100,85,115,80
122,バリヤード,エスパー,フェアリー,ぼうおん,フィルター,テクニシャン,40,45,65,100,120,90,54.5
123,ストライク,むし,ひこう,むしのしらせ,テクニシャン,ふくつのこころ,70,110,80,55,80,105,56
124,ルージュラ,こおり,エスパー,どんかん,よちむ,かんそうはだ,65,50,35,115,95,95,40.6
125,エレブー,でんき,x,せいでんき,x,やるき,65,83,57,95,85,105,30
126,ブーバー,ほのお,x,ほのおのからだ,x,やるき,54,95,57,100,85,93,44.5
127,カイロス,むし,x,かいりきバサミ,かたやぶり,じしんかじょう,65,125,100,55,70,85,55
128,ケンタロス,ノーマル,x,いかく,いかりのつぼ,ちからずく,75,100,95,40,70,110,88.4
129,コイキング,みず,x,すいすい,x,びびり,20,10,55,15,20,80,10
130,ギャラドス,みず,ひこう,いかく,x,じしんかじょう,95,125,79,60,100,81,235
131,ラプラス,みず,こおり,ちょすい,シェルアーマー,うるおいボディ,130,85,80,85,95,60,220
132,メタモン,ノーマル,x,じゅうなん,x,かわりもの,48,48,48,48,48,48,4
133,イーブイ,ノーマル,x,にげあし,てきおうりょく,きけんよち,55,55,50,45,65,55,6.5
134,シャワーズ,みず,x,ちょすい,x,うるおいボディ,130,65,60,110,95,65,29
135,サンダース,でんき,x,ちくでん,x,はやあし,65,65,60,110,95,130,24.5
136,ブースター,ほのお,x,もらいび,x,こんじょう,65,130,60,95,110,65,25
137,ポリゴン,ノーマル,x,トレース,ダウンロード,アナライズ,65,60,70,85,75,40,36.5
138,オムナイト,いわ,みず,すいすい,シェルアーマー,くだけるよろい,35,40,100,90,55,35,7.5
139,オムスター,いわ,みず,すいすい,シェルアーマー,くだけるよろい,70,60,125,115,70,55,35
140,カブト,いわ,みず,すいすい,カブトアーマー,くだけるよろい,30,80,90,55,45,55,11.5
141,カブトプス,いわ,みず,すいすい,カブトアーマー,くだけるよろい,60,115,105,65,70,80,40.5
142,プテラ,いわ,ひこう,いしあたま,プレッシャー,きんちょうかん,80,105,65,60,75,130,59
143,カビゴン,ノーマル,x,めんえき,あついしぼう,くいしんぼう,160,110,65,65,110,30,460
144,フリーザー,こおり,ひこう,プレッシャー,x,ゆきがくれ,90,85,100,95,125,85,55.4
145,サンダー,でんき,ひこう,プレッシャー,x,せいでんき,90,90,85,125,90,100,52.6
146,ファイヤー,ほのお,ひこう,プレッシャー,x,ほのおのからだ,90,100,90,125,85,90,60
147,ミニリュウ,ドラゴン,x,だっぴ,x,ふしぎなうろこ,41,64,45,50,50,50,3.3
148,ハクリュー,ドラゴン,x,だっぴ,x,ふしぎなうろこ,61,84,65,70,70,70,16.5
149,カイリュー,ドラゴン,ひこう,せいしんりょく,x,マルチスケイル,91,134,95,100,100,80,210
150,ミュウツー,エスパー,x,プレッシャー,x,きんちょうかん,106,110,90,154,90,130,122
151,ミュウ,エスパー,x,シンクロ,x,x,100,100,100,100,100,100,4
152,チコリータ,くさ,x,しんりょく,x,リーフガード,45,49,65,49,65,45,6.4
153,ベイリーフ,くさ,x,しんりょく,x,リーフガード,60,62,80,63,80,60,15.8
154,メガニウム,くさ,x,しんりょく,x,リーフガード,80,82,100,83,100,80,100.5
155,ヒノアラシ,ほのお,x,もうか,x,もらいび,39,52,43,60,50,65,7.9
156,マグマラシ,ほのお,x,もうか,x,もらいび,58,64,58,80,65,80,19
157,バクフーン,ほのお,x,もうか,x,もらいび,78,64,78,109,85,100,79.5
158,ワニノコ,みず,  ,げきりゅう,x,ちからずく,50,65,64,44,48,43,9.5
159,アリゲイツ,みず,  ,げきりゅう,x,ちからずく,65,80,80,59,63,58,25
160,オーダイル,みず,  ,げきりゅう,x,ちからずく,85,105,100,79,86,78,88.8
161,オタチ,ノーマル,  ,にげあし,するどいめ,おみとおし,35,46,34,35,45,20,6
162,オオタチ,ノーマル,  ,にげあし,するどいめ,おみとおし,85,76,64,45,55,90,32.5
163,ホーホー,ノーマル,ひこう,ふみん,するどいめ,いろめがね,60,30,30,36,56,50,21.2
164,ヨルノズク,ノーマル,ひこう,ふみん,するどいめ,いろめがね,100,50,50,86,96,70,40.8
165,レディバ,むし,ひこう,むしのしらせ,はやおき,びびり,40,20,30,40,80,55,10.8
166,レディアン,むし,ひこう,むしのしらせ,はやおき,てつのこぶし,55,35,50,55,110,85,35.6
167,イトマル,むし,どく,むしのしらせ,ふみん,スナイパー,40,60,40,40,40,30,8.5
168,アリアドス,むし,どく,むしのしらせ,ふみん,スナイパー,70,90,70,60,70,40,33.5
169,クロバット,どく,ひこう,せいしんりょく,x,すりぬけ,85,90,80,70,80,130,75
170,チョンチー,みず,でんき,ちくでん,はっこう,ちょすい,75,38,38,56,56,67,12
171,ランターン,みず,でんき,ちくでん,はっこう,ちょすい,125,58,58,76,76,67,22.5
172,ピチュー,でんき,x,せいでんき,x,ひらいしん,20,40,15,35,35,60,2
173,ピィ,フェアリー,x,メロメロボディ,マジックガード,フレンドガード,50,25,28,45,55,15,3
174,ププリン,ノーマル,フェアリー,メロメロボディ,x,フレンドガード,90,30,15,40,20,15,1
175,トゲピー,フェアリー,x,はりきり,てんのめぐみ,きょううん,35,20,65,40,65,20,1.5
176,トゲチック,フェアリー,ひこう,はりきり,てんのめぐみ,きょううん,55,40,85,80,105,40,3.2
177,ネイティ,エスパー,ひこう,シンクロ,はやおき,マジックミラー,40,50,45,70,45,70,2
178,ネイティオ,エスパー,ひこう,シンクロ,はやおき,マジックミラー,65,75,70,95,70,95,15
179,メリープ,でんき,x,せいでんき,x,プラス,55,40,40,65,45,35,7.8
180,モココ,でんき,x,せいでんき,x,プラス,70,55,55,80,60,45,13.3
181,デンリュウ,でんき,x,せいでんき,x,プラス,90,75,85,115,90,55,61.5
182,キレイハナ,くさ,x,ようりょくそ,x,いやしのこころ,75,80,95,90,110,50,5.8
183,マリル,みず,フェアリー,あついしぼう,ちからもち,そうしょく,70,20,50,20,50,40,8.5
184,マリルリ,みず,フェアリー,あついしぼう,ちからもち,そうしょく,100,50,80,60,80,50,28.5
185,ウソッキー,いわ,x,がんじょう,いしあたま,びびり,70,100,115,30,65,30,38
186,ニョロトノ,みず,x,ちょすい,しめりけ,あめふらし,90,75,75,90,100,70,33.9
187,ハネッコ,くさ,ひこう,ようりょくそ,リーフガード,すりぬけ,35,35,40,35,55,50,0.5
188,ポポッコ,くさ,ひこう,ようりょくそ,リーフガード,すりぬけ,55,45,50,45,65,80,1
189,ワタッコ,くさ,ひこう,ようりょくそ,リーフガード,すりぬけ,75,55,70,55,95,110,3
190,エイパム,ノーマル,x,にげあしに,ものひろい,スキルリンク,55,70,55,40,55,85,11.5
191,ヒマナッツ,くさ,x,ようりょくそ,サンパワー,はやおき,30,30,30,30,30,30,1.8
192,キマワリ,くさ,x,ようりょくそ,サンパワー,はやおき,75,75,55,105,85,30,8.5
193,ヤンヤンマ,むし,ひこう,かそく,ふくがん,おみとおし,65,65,45,75,45,95,38
194,ウパー,みず,じめん,しめりけ,ちょすい,てんねん,55,45,45,25,25,15,8.5
195,ヌオー,みず,じめん,しめりけ,ちょすい,てんねん,95,85,85,65,65,35,75
196,エーフィ,エスパー,x,シンクロ,x,マジックミラー,65,65,60,130,95,110,26.5
197,ブラッキー,あく,x,シンクロ,x,せいしんりょく,95,65,110,60,130,65,27
198,ヤミカラス,あく,ひこう,ふみん,きょううん,いたずらごころ,60,85,42,85,84,91,2.1
199,ヤドキング,みず,エスパー,どんかん,マイペース,さいせいりょく,95,75,80,100,110,30,79.5
200,ムウマ,ゴースト,x,ふゆう,x,x,60,60,60,85,85,85,1
201,アンノーン,エスパー,x,ふゆう,x,x,48,72,48,72,48,48,5
202,ソーナンス,エスパー,x,かげふみ,x,テレパシー,190,33,58,33,58,33,28.5
203,キリンリキ,ノーマル,エスパー,せいしんりょく,はやおき,そうしょく,70,80,65,90,65,85,41.5
204,クヌギダマ,むし,x,がんじょう,x,ぼうじん,50,65,90,35,35,15,7.2
205,フォレトス,むし,はがね,がんじょう,x,ぼうじん,75,90,140,60,60,40,125.8
206,ノコッチ,ノーマル,x,てんのめぐみ,にげあし,びびり,100,70,70,65,65,45,14
207,グライガー,じめん,ひこう,かいりきバサミ,すながくれ,めんえき,65,75,105,35,65,85,64.8
208,ハガネール,はがね,じめん,いしあたま,がんじょう,ちからずく,75,85,200,55,65,30,400
209,ブルー,フェアリー,x,いかく,にげあし,びびり,60,80,50,40,40,30,7.8
210,グランブル,フェアリー,x,いかく,はやあし,びびり,90,120,75,60,60,45,48.7
211,ハリーセン,みず,どく,どくのトゲ,すいすい,いかく,65,95,85,55,55,85,3.9
212,ハッサム,むし,はがね,むしのしらせ,テクニシャン,ライトメタル,70,130,100,55,80,65,118
213,ツボツボ,むし,いわ,がんじょう,くいしんぼう,あまのじゃく,20,10,230,10,230,5,20.5
214,ヘラクロス,むし,かくとう,むしのしらせ,こんじょう,じしんかじょう,80,125,75,40,95,85,54
215,ニューラ,あく,こおり,せいしんりょく,するどいめ,わるいてぐせ,55,95,55,35,75,115,28
216,ヒメグマ,ノーマル,x,ものひろい,はやあし,みつあつめ,60,80,50,50,50,40,8.8
217,リングマ,ノーマル,x,こんじょう,はやあし,きんちょうかん,90,130,75,75,75,55,125.8
218,マグマッグ,ほのお,x,マグマのよろい,ほのおのからだ,くだけるよろい,40,40,40,70,40,20,35
219,マグカルゴ,ほのお,いわ,マグマのよろい,ほのおのからだ,くだけるよろい,60,50,120,90,80,30,55
220,ウリムー,こおり,じめん,どんかん,ゆきがくれ,あついしぼう,50,50,40,30,30,50,6.5
221,イノムー,こおり,じめん,どんかん,ゆきがくれ,あついしぼう,100,100,80,60,60,50,55.8
222,サニーゴ,みず,いわ,はりきり,しぜんかいふく,さいせいりょく,65,55,95,65,95,35,5
223,テッポウオ,みず,x,はりきり,スナイパー,ムラっけ,35,65,35,65,35,65,12
224,オクタン,みず,x,きゅうばん,スナイパー,ムラっけ,75,105,75,105,75,45,28.5
225,デリバード,こおり,ひこう,やるき,はりきり,ふみん,45,55,45,65,45,75,16
226,マンタイン,みず,ひこう,すいすい,ちょすい,みずのベール,85,40,70,80,140,70,220
227,エアームド,はがね,ひこう,するどいめ,がんじょう,くだけるよろい,65,80,140,40,70,70,50.5
228,デルビル,あく,ほのお,はやおき,もらいび,きんちょうかん,45,60,30,80,50,65,10.8
229,ヘルガー,あく,ほのお,はやおき,もらいび,きんちょうかん,75,90,50,110,80,95,35
230,キングドラ,みず,ドラゴン,すいすい,スナイパー,しめりけ,75,95,95,95,95,85,152
231,ゴマゾウ,じめん,x,ものひろい,x,すながくれ,90,60,60,40,40,40,33.5
232,ドンファン,じめん,x,がんじょう,x,すながくれ,90,120,120,60,60,60,120
233,ポリゴン2,ノーマル,x,トレース,ダウンロード,アナライズ,85,80,90,105,95,60,32.5
234,オドシシ,ノーマル,x,いかく,おみとおし,そうしょく,73,95,62,85,65,85,71.2
235,ドーブル,ノーマル,x,マイペース,テクニシャン,ムラっけ,55,20,35,20,45,75,58
236,バルキー,かくとう,x,こんじょう,ふくつのこころ,やるき,35,35,35,35,35,35,21
237,カポエラー,かくとう,x,いかく,テクニシャン,ふくつのこころ,50,95,95,35,110,70,48
238,ムチュール,こおり,エスパー,どんかん,よちむ,うるおいボディ,45,30,15,85,65,65,6
239,エレキッド,でんき,x,せいでんき,x,やるき,45,63,37,65,55,95,23.5
240,ブビィ,ほのお,x,ほのおのからだ,x,やるき,45,75,37,70,55,83,21.4
241,ミルタンク,ノーマル,x,あついしぼう,きもったま,そうしょく,95,80,105,40,70,100,75.5
242,ハピナス,ノーマル,x,しぜんかいふく,てんのめぐみ,いやしのこころ,255,10,10,75,135,55,46.8
243,ライコウ,でんき,x,プレッシャー,x,せいしんりょく,90,85,75,115,100,115,178
244,エンテイ,ほのお,x,プレッシャー,x,せいしんりょく,115,115,85,90,75,100,198
245,スイクン,みず,x,プレッシャー,x,せいしんりょく,100,75,115,90,115,85,187
246,ヨーギラス,いわ,じめん,こんじょう,x,すながくれ,50,64,50,45,50,41,72
247,サナギラス,いわ,じめん,だっぴ,x,だっぴ,70,84,70,65,70,51,152
248,バンギラス,いわ,あく,すなおこし,x,きんちょうかん,100,134,110,95,100,61,202
249,ルギア,エスパー,ひこう,プレッシャー,x,マルチスケイル,106,90,130,90,154,110,216
250,ホウオウ,ほのお,ひこう,プレッシャー,x,さいせいりょく,106,130,90,110,154,90,199
251,セレビィ,エスパー,くさ,しぜんかいふく,x,x,100,100,100,100,100,100,5
252,キモリ,くさ,x,しんりょく,x,かるわざ,40,45,35,65,55,70,5
253,ジュプトル,くさ,x,しんりょく,x,かるわざ,50,65,45,85,65,95,21.6
254,ジュカイン,くさ,x,しんりょく,x,かるわざ,70,85,65,105,85,120,52.2
255,アチャモ,ほのお,x,もうか,x,かそく,45,60,40,70,50,45,2.5
256,ワカシャモ,ほのお,かくとう,もうか,x,かそく,60,85,60,85,60,55,19.5
257,バシャーモ,ほのお,かくとう,もうか,x,かそく,80,120,70,110,70,80,52
258,ミズゴロウ,みず,x,げきりゅう,x,しめりけ,50,70,50,50,50,40,7.6
259,ヌマクロー,みず,じめん,げきりゅう,x,しめりけ,70,85,70,60,70,50,28
260,ラグラージ,みず,じめん,げきりゅう,x,しめりけ,100,110,90,85,90,60,81.9
261,ポチエナ,あく,x,にげあし,はやあし,びびり,35,55,35,30,30,35,13.6
262,グラエナ,あく,x,いかく,はやあし,じしんかじょう,70,90,70,60,60,70,37
263,ジグザグマ,ノーマル,x,ものひろい,くいしんぼう,はやあし,38,30,41,30,41,60,17.5
264,マッスグマ,ノーマル,x,ものひろい,くいしんぼう,はやあし,78,70,61,50,61,100,32.5
265,ケムッソ,むし,x,りんぷん,x,にげあし,45,45,35,20,30,20,3.6
266,カラサリス,むし,x,だっぴ,x,だっぴ,50,35,55,25,25,15,10
267,アゲハント,むし,ひこう,むしのしらせ,x,とうそうしん,60,70,50,100,50,65,28.4
268,マユルド,むし,x,だっぴ,x,だっぴ,50,35,55,25,25,15,11.5
269,ドクケイル,むし,どく,りんぷん,x,ふくがん,60,50,70,50,90,65,31.6
270,ハスボー,みず,くさ,すいすい,あめうけざら,マイペース,40,30,30,40,50,30,2.6
271,ハスブレロ,みず,くさ,すいすい,あめうけざら,マイペース,60,50,50,60,70,50,32.5
272,ルンパッパ,みず,くさ,すいすい,あめうけざら,マイペース,80,70,70,90,100,70,55
273,タネボー,くさ,x,ようりょくそ,はやおき,わるいてぐせ,40,40,50,30,30,30,4
274,コノハナ,くさ,あく,ようりょくそ,はやおき,わるいてぐせ,70,70,40,60,40,60,28
275,ダーテング,くさ,あく,ようりょくそ,はやおき,わるいてぐせ,90,100,60,90,60,80,59.6
276,スバメ,ノーマル,ひこう,こんじょう,x,きもったま,40,55,30,30,30,85,2.3
277,オオスバメ,ノーマル,ひこう,こんじょう,x,きもったま,60,85,60,75,50,125,19.8
278,キャモメ,みず,ひこう,するどいめ,うるおいボディ,あめうけざら,40,30,30,55,30,85,9.5
279,ペリッパー,みず,ひこう,するどいめ,あめふらし,あめうけざら,60,50,100,95,70,65,28
280,ラルトス,エスパー,フェアリー,シンクロ,トレース,テレパシー,28,25,25,45,35,40,6.6
281,キルリア,エスパー,フェアリー,シンクロ,トレース,テレパシー,38,35,35,65,55,50,20.2
282,サーナイト,エスパー,フェアリー,シンクロ,トレース,テレパシー,68,65,65,125,115,80,48.4
283,アメタマ,むし,みず,すいすい,x,あめうけざら,40,30,32,50,52,65,1.7
284,アメモース,むし,ひこう,いかく,x,きんちょうかん,70,60,62,100,82,80,3.6
285,キノココ,くさ,x,ほうし,ポイズンヒール,はやあし,60,40,60,40,60,35,4.5
286,キノガッサ,くさ,かくとう,ほうし,ポイズンヒール,テクニシャン,60,130,80,60,60,70,39.2
287,ナマケロ,ノーマル,x,なまけ,x,x,60,60,60,35,35,30,24
288,ヤルキモノ,ノーマル,x,やるき,x,x,80,80,80,55,55,90,46.5
289,ケッキング,ノーマル,x,なまけ,x,x,150,160,100,95,65,100,130.5
290,ツチニン,むし,じめん,ふくがん,x,にげあし,31,45,90,30,30,40,5.5
291,テッカニン,むし,ひこう,かそく,x,すりぬけ,61,90,45,50,50,160,12
292,ヌケニン,むし,ゴースト,ふしぎなまもり,x,ふしぎなまもり,1,90,45,30,30,40,1.2
293,ゴニョニョ,ノーマル,x,ぼうおん,x,びびり,64,51,23,51,23,28,16.3
294,ドゴーム,ノーマル,x,ぼうおん,x,きもったま,84,71,43,71,43,48,40.5
295,バクオング,ノーマル,x,ぼうおん,x,きもったま,104,91,63,91,73,68,84
296,マクノシタ,かくとう,x,あついしぼう,こんじょう,ちからずく,72,60,30,20,30,25,86.4
297,ハリテヤマ,かくとう,x,あついしぼう,こんじょう,ちからずく,144,120,60,40,60,50,253.8
298,ルリリ,ノーマル,フェアリー,あついしぼう,ちからもち,そうしょく,50,20,40,20,40,20,2
299,ノズパス,いわ,x,がんじょう,じりょく,すなのちから,30,45,135,45,90,30,97
300,エネコ,ノーマル,x,メロメロボディ,ノーマルスキン,ミラクルスキン,50,45,45,35,35,50,11
301,エネコロロ,ノーマル,x,メロメロボディ,ノーマルスキン,ミラクルスキン,70,65,65,55,55,90,32.6
302,ヤミラミ,あく,ゴースト,するどいめ,あとだし,いたずらごころ,50,75,75,65,65,50,11
303,クチート,はがね,フェアリー,かいりきバサミ,いかく,ちからずく,50,85,85,55,55,50,11.5
304,ココドラ,はがね,いわ,がんじょう,いしあたま,ヘヴィメタル,30,40,40,100,70,50,60
305,コドラ,はがね,いわ,がんじょう,いしあたま,ヘヴィメタル,60,90,140,50,50,40,120
306,ボスゴドラ,はがね,いわ,がんじょう,いしあたま,ヘヴィメタル,70,110,180,60,60,50,360
307,アサナン,かくとう,エスパー,ヨガパワー,x,テレパシー,30,40,55,40,55,60,11.2
308,チャーレム,かくとう,エスパー,ヨガパワー,x,テレパシー,60,60,75,60,75,80,31.5
309,ラクライ,でんき,x,せいでんき,ひらいしん,マイナス,40,45,40,65,40,65,15.2
310,ライボルト,でんき,x,せいでんき,ひらいしん,マイナス,70,75,60,105,60,105,40.2
311,プラスル,でんき,x,プラス,x,x,60,50,40,85,75,95,4.2
312,マイナン,でんき,x,マイナス,x,x,60,40,50,75,85,95,4.2
313,バルビート,むし,x,はっこう,むしのしらせ,いたずらごころ,65,73,75,47,85,85,17.7
314,イルミーゼ,むし,x,どんかん,いろめがね,いたずらごころ,65,47,75,73,85,85,17.7
315,ロゼリア,くさ,どく,しぜんかいふく,どくのトゲ,リーフガード,50,60,45,100,80,65,2
316,ゴクリン,どく,x,ヘドロえき,ねんちゃく,くいしんぼう,70,43,53,43,53,40,10.3
317,マルノーム,どく,x,ヘドロえき,ねんちゃく,くいしんぼう,100,73,83,73,83,55,80
318,キバニア,みず,あく,さめはだ,x,かそく,45,90,20,65,20,65,20.8
319,サメハダー,みず,あく,さめはだ,x,かそく,70,120,40,95,40,95,88.8
320,ホエルコ,みず,x,みずのベール,どんかん,プレッシャー,130,70,35,70,35,60,130
321,ホエルオー,みず,x,みずのベール,どんかん,プレッシャー,170,90,45,90,45,60,398
322,ドンメル,ほのお,じめん,どんかん,たんじゅん,マイペース,60,60,40,65,45,35,24
323,バクーダ,ほのお,じめん,マグマのよろい,ハードロック,いかりのつぼ,70,100,70,105,75,40,220
324,コータス,ほのお,x,しろいけむり,ひでり,シェルアーマー,70,85,140,85,70,20,80.4
325,バネブー,エスパー,x,あついしぼう,マイペース,くいしんぼう,60,25,35,70,80,60,30.6
326,ブーピッグ,エスパー,x,あついしぼう,マイペース,くいしんぼう,80,45,65,90,110,80,71.5
327,パッチール,ノーマル,x,マイペース,ちどりあし,あまのじゃく,60,60,60,60,60,60,5
328,ナックラー,じめん,x,かいりきバサミ,ありじごく,ちからずく,45,100,45,45,45,10,15
329,ビブラーバ,じめん,ドラゴン,ふゆう,x,ふゆう,45,70,50,50,50,70,15.3
330,フライゴン,じめん,ドラゴン,ふゆう,x,ふゆう,80,100,80,80,80,100,82
331,サボネア,くさ,x,すながくれ,x,ちょすい,50,85,40,85,40,35,51.3
332,ノクタス,くさ,あく,すながくれ,x,ちょすい,70,115,60,115,60,55,77.4
333,チルット,ノーマル,ひこう,しぜんかいふく,x,ノーてんき,45,40,60,40,75,50,1.2
334,チルタリス,ドラゴン,ひこう,しぜんかいふく,x,ノーてんき,75,70,90,70,105,80,20.6
335,ザングース,ノーマル,x,めんえき,x,どくぼうそう,73,115,60,60,60,90,40.3
336,ハブネーク,どく,x,だっぴ,x,すりぬけ,73,100,60,100,60,65,52.5
337,ルナトーン,いわ,エスパー,ふゆう,x,x,90,55,65,95,85,70,168
338,ソルロック,いわ,エスパー,ふゆう,x,x,90,95,85,55,65,70,154
339,ドジョッチ,みず,じめん,どんかん,きけんよち,うるおいボディ,50,48,43,46,41,60,1.9
340,ナマズン,みず,じめん,どんかん,きけんよち,うるおいボディ,110,78,73,76,71,60,23.6
341,ヘイガニ,みず,x,かいりきバサミ,シェルアーマー,てきおうりょく,43,80,65,50,35,35,11.5
342,シザリガー,みず,あく,かいりきバサミ,シェルアーマー,てきおうりょく,63,120,85,90,55,55,32.8
343,ヤジロン,じめん,エスパー,ふゆう,x,x,40,40,55,40,70,55,21.5
344,ネンドール,じめん,エスパー,ふゆう,x,x,60,70,105,70,120,75,108
345,リリーラ,いわ,くさ,きゅうばん,x,よびみず,66,41,77,61,87,23,23.8
346,ユレイドル,いわ,くさ,きゅうばん,x,よびみず,86,81,97,81,107,43,60.4
347,アノプス,いわ,むし,カブトアーマー,x,すいすい,45,95,50,40,50,75,12.5
348,アーマルド,いわ,むし,カブトアーマー,x,すいすい,75,125,100,70,80,45,68.2
349,ヒンバス,みず,x,すいすい,x,てきおうりょく,20,15,20,10,55,80,7.4
350,ミロカロス,みず,x,ふしぎなうろこ,かちき,メロメロボディ,95,60,79,100,125,81,162
351,ポワルン,ノーマル,x,てんきや,x,x,70,70,70,70,70,70,0.8
352,カクレオン,ノーマル,x,へんしょく,x,x,60,90,70,60,120,40,22
353,カゲボウズ,ゴースト,x,ふみん,おみとおし,のろわれボディ,44,75,35,63,33,45,2.3
354,ジュペッタ,ゴースト,x,ふみん,おみとおし,のろわれボディ,64,115,65,83,63,65,12.5
355,ヨマワル,ゴースト,x,ふゆう,x,おみとおし,20,40,90,30,90,25,15
356,サマヨール,ゴースト,x,プレッシャー,x,おみとおし,40,70,130,60,130,25,30.6
357,トロピウス,くさ,ひこう,ようりょくそ,サンパワー,しゅうかく,99,68,83,72,87,51,100
358,チリーン,エスパー,x,ふゆう,x,x,75,50,80,95,90,65,1
359,アブソル,あく,x,プレッシャー,きょううん,せいぎのこころ,65,130,60,75,60,75,47
360,ソーナノ,エスパー,x,かげふみ,x,テレパシー,95,23,48,23,48,23,14
361,ユキワラシ,こおり,x,せいしんりょく,アイスボディ,ムラっけ,50,50,50,50,50,50,16.8
362,オニゴーリ,こおり,x,せいしんりょく,アイスボディ,ムラっけ,80,80,80,80,80,80,256.5
363,タマザラシ,こおり,みず,あついしぼう,アイスボディ,どんかん,70,40,50,55,50,25,39.5
364,トドグラー,こおり,みず,あついしぼう,アイスボディ,どんかん,90,60,70,75,70,45,87.6
365,トドゼルガ,こおり,みず,あついしぼう,アイスボディ,どんかん,110,80,90,95,90,65,150.6
366,パールル,みず,x,シェルアーマー,x,びびり,35,64,85,74,55,32,52.5
367,ハンテール,みず,x,すいすい,x,みずのベール,55,104,105,94,75,52,27
368,サクラビス,みず,x,すいすい,x,うるおいボディ,55,84,105,114,75,52,22.6
369,ジーランス,みず,いわ,すいすい,いしあたま,がんじょう,100,90,130,45,65,55,23.4
370,ラブカス,みず,x,すいすい,x,うるおいボディ,43,30,55,40,65,97,8.7
371,タツベイ,ドラゴン,x,いしあたま,x,ちからずく,45,75,60,40,30,50,42.1
372,コモルー,ドラゴン,x,いしあたま,x,ぼうじん,65,95,100,60,50,50,110.5
373,ボーマンダ,ドラゴン,ひこう,いかく,x,じしんかじょう,95,135,80,110,80,100,102.6
374,ダンバル,はがね,エスパー,クリアボディ,x,ライトメタル,40,55,80,35,60,30,95.2
375,メタング,はがね,エスパー,クリアボディ,x,ライトメタル,60,75,100,55,80,50,202.5
376,メタグロス,はがね,エスパー,クリアボディ,x,ライトメタル,80,135,130,95,90,70,550
377,レジロック,いわ,x,クリアボディ,x,がんじょう,80,100,200,50,100,50,230
378,レジアイス,こおり,x,クリアボディ,x,アイスボディ,80,50,100,100,200,50,175
379,レジスチル,はがね,x,クリアボディ,x,ライトメタル,80,75,150,75,150,50,205
380,ラティアス,ドラゴン,エスパー,ふゆう,x,x,80,80,90,110,130,110,40
381,ラティオス,ドラゴン,エスパー,ふゆう,x,x,80,90,80,130,110,110,60
382,カイオーガ,みず,x,あめふらし,x,x,100,100,90,150,140,90,352
383,グラードン,じめん,x,ひでり,x,x,100,150,140,100,90,90,950
384,レックウザ,ドラゴン,ひこう,エアロック,x,x,105,150,90,150,90,95,206.5
385,ジラーチ,はがね,エスパー,てんのめぐみ,x,x,100,100,100,100,100,100,1.1
386,デオキシス,エスパー,x,プレッシャー,x,x,50,150,50,150,50,150,60.8
387,ナエトル,くさ,x,しんりょく,x,シェルアーマー,55,68,64,45,55,31,10.2
388,ハヤシガメ,くさ,x,しんりょく,x,シェルアーマー,75,89,85,55,65,36,97
389,ドダイトス,くさ,じめん,しんりょく,x,シェルアーマー,95,109,105,75,85,56,310
390,ヒコザル,ほのお,x,もうか,x,てつのこぶし,44,58,44,58,44,61,6.2
391,モウカザル,ほのお,かくとう,もうか,x,てつのこぶし,64,78,52,78,52,81,22
392,ゴウカザル,ほのお,かくとう,もうか,x,てつのこぶし,76,104,71,104,71,108,55
393,ポッチャマ,みず,x,げきりゅう,x,まけんき,53,51,53,61,56,40,5.2
394,ポッタイシ,みず,x,げきりゅう,x,まけんき,64,66,68,81,76,50,23
395,エンペルト,みず,はがね,げきりゅう,x,まけんき,84,86,88,111,101,60,84.5
396,ムックル,ノーマル,ひこう,するどいめ,x,するどいめ,40,55,30,30,30,60,2
397,ムクバード,ノーマル,ひこう,いかく,x,すてみ,55,75,50,40,40,80,15.5
398,ムクホーク,ノーマル,ひこう,いかく,x,すてみ,85,120,70,50,60,100,24.9
399,ビッパ,ノーマル,x,たんじゅん,てんねん,ムラっけ,59,45,40,35,40,31,20
400,ビーダル,ノーマル,みず,たんじゅん,てんねん,ムラっけ,79,85,60,55,60,71,31.5
401,コロボーシ,むし,x,だっぴ,x,にげあし,37,25,41,25,41,25,2.2
402,コロトック,むし,x,むしのしらせ,x,テクニシャン,77,85,51,55,51,65,25.5
403,コリンク,でんき,x,とうそうしん,いかく,こんじょう,45,65,34,40,34,45,9.5
404,ルクシオ,でんき,x,とうそうしん,いかく,こんじょう,60,85,49,60,49,60,30.5
405,レントラー,でんき,x,とうそうしん,いかく,こんじょう,80,120,79,95,79,70,42
406,スボミー,くさ,どく,しぜんかいふく,どくのトゲ,リーフガード,40,30,35,50,70,55,1.2
407,ロズレイド,くさ,どく,しぜんかいふく,どくのトゲ,テクニシャン,60,70,65,125,105,90,14.5
408,ズガイドス,いわ,x,かたやぶり,x,ちからずく,67,125,40,30,30,58,31.5
409,ラムパルド,いわ,x,かたやぶり,x,ちからずく,67,165,60,65,50,58,102.5
410,タテトプス,いわ,はがね,がんじょう,x,ぼうおん,30,42,118,42,88,30,57
411,トリデプス,いわ,はがね,がんじょう,x,ぼうおん,60,52,168,47,138,30,149.5
412,ミノムッチ,むし,x,だっぴ,x,ぼうじん,40,29,45,29,45,36,3.4
413,ミノマダム(くさ),むし,くさ,きけんよち,x,ぼうじん,60,59,85,79,105,36,6.5
413d,ミノマダム(ゴミ),むし,はがね,きけんよち,x,ぼうじん,60,69,95,69,95,36,6.5
413s,ミノマダム(すな),むし,じめん,きけんよち,x,ぼうじん,60,79,105,59,85,36,6.5
414,ガーメイル,むし,ひこう,むしのしらせ,x,いろめがね,70,94,50,94,50,66,23.3
415,ミツハニー,むし,ひこう,みつあつめ,x,はりきり,30,30,42,30,42,70,5.5
416,ビークイン,むし,ひこう,プレッシャー,x,きんちょうかん,70,80,102,80,102,40,38.5
417,パチリス,でんき,x,にげあし,ものひろい,ちくでん,60,45,70,45,90,95,3.9
418,ブイゼル,みず,x,すいすい,x,みずのベール,55,65,35,60,30,85,29.5
419,フローゼル,みず,x,すいすい,x,みずのベール,85,105,55,85,50,115,33.5
420,チェリンボ,くさ,x,ようりょくそ,x,x,45,35,45,62,53,35,3.3
421,チェリム,くさ,x,フラワーギフト,x,x,70,60,70,87,78,85,9.3
422,カラナクシ,みず,x,ねんちゃく,よびみず,すなのちから,76,48,48,57,62,34,6.3
423,トリトドン,みず,じめん,ねんちゃく,よびみず,すなのちから,111,83,68,92,82,39,29.9
424,エテボース,ノーマル,x,テクニシャン,ものひろい,スキルリンク,75,100,66,60,66,115,20.3
425,フワンテ,ゴースト,ひこう,ゆうばく,かるわざ,ねつぼうそう,90,50,34,60,44,70,1.2
426,フワライド,ゴースト,ひこう,ゆうばく,かるわざ,ねつぼうそう,150,80,44,90,54,80,15
427,ミミロル,ノーマル,x,にげあし,ぶきよう,じゅうなん,55,66,44,44,56,85,5.5
428,ミミロップ,ノーマル,x,メロメロボディ,ぶきよう,じゅうなん,65,76,84,54,96,105,33.3
429,ムウマージ,ゴースト,x,ふゆう,x,x,60,60,60,105,105,105,4.4
430,ドンカラス,あく, ひこう,ふみん,きょううん,じしんかじょう,100,125,52,105,52,71,27.3
431,ニャルマー,ノーマル,x,あついしぼう,マイペース,するどいめ,49,55,42,42,37,85,3.9
432,ブニャット,ノーマル,x,あついしぼう,マイペース,まけんき,71,82,64,64,59,112,43.8
433,リーシャン,エスパー,x,ふゆう,x,x,45,30,50,65,50,45,0.6
434,スカンプー,どく,あく,あくしゅう,ゆうばく,するどいめ,63,63,47,41,41,74,19.2
435,スカタンク,どく,あく,あくしゅう,ゆうばく,するどいめ,103,93,67,71,61,84,38
436,ドーミラー,はがね,エスパー,ふゆう,たいねつ,ヘヴィメタル,57,24,86,24,86,23,60.5
437,ドータクン,はがね,エスパー,ふゆう,たいねつ,ヘヴィメタル,67,89,116,73,116,33,187
438,ウソハチ,いわ,x,がんじょう,いしあたま,びびり,50,80,95,10,45,10,15
439,マネネ,エスパー, フェアリー,ぼうおん,フィルター,テクニシャン,20,25,45,70,90,60,13
440,ピンプク,ノーマル,x,しぜんかいふく,てんのめぐみ,フレンドガード,100,5,5,15,65,30,24.4
441,ペラップ,ノーマル,ひこう,するどいめ,ちどりあし,はとむね,76,65,45,92,42,91,1.9
442,ミカルゲ,ゴースト,あく,プレッシャー,x,すりぬけ,50,92,109,92,108,35,108
443,フカマル,ドラゴン,じめん,すながくれ,x,さめはだ,58,70,45,40,45,42,20.5
444,ガバイト,ドラゴン,じめん,すながくれ,x,さめはだ,68,90,65,50,55,82,56
445,ガブリアス,ドラゴン,じめん,すながくれ,x,さめはだ,108,130,95,80,85,102,95
446,ゴンベ,ノーマル,x,ものひろい,あついしぼう,くいしんぼう,135,85,40,40,85,5,105
447,リオル,かくとう,x,ふくつのこころ,せいしんりょく,いたずらごころ,40,70,40,35,40,60,20.2
448,ルカリオ,かくとう,はがね,ふくつのこころ,せいしんりょく,せいぎのこころ,70,110,70,115,70,90,54
449,ヒポポタス,じめん,x,すなおこし,x,すなのちから,68,72,78,38,42,32,49.5
450,カバルドン,じめん,x,すなおこし,x,すなのちから,108,112,118,68,72,47,300
451,スコルピ,どく,むし,カブトアーマー,スナイパー,するどいめ,40,50,90,30,55,65,12
452,ドラピオン,どく,あく,カブトアーマー,スナイパー,するどいめ,70,90,110,60,75,95,61.5
453,グレッグル,どく,かくとう,きけんよち,かんそうはだ,どくしゅ,48,61,40,61,40,60,23
454,ドクロッグ,どく,かくとう,きけんよち,かんそうはだ,どくしゅ,83,106,65,86,65,85,44.4
455,マスキッパ,くさ,x,ふゆう,x,x,74,100,72,90,72,46,27
456,ケイコウオ,みず,x,すいすい,よびみず,みずのベール,49,49,56,49,61,66,7
457,ネオラント,みず,x,すいすい,よびみず,みずのベール,69,69,76,69,86,91,24
458,タマンタ,みず,ひこう,すいすい,ちょすい,みずのベール,45,20,50,60,120,50,65
459,ユキカブリ,くさ,こおり,ゆきふらし,x,ぼうおん,60,62,50,62,60,40,50.5
460,ユキノオー,くさ,こおり,ゆきふらし,x,ぼうおん,90,92,75,92,85,60,135.5
461,マニューラ,あく,こおり,プレッシャー,x,わるいてぐせ,70,120,65,45,85,125,34
462,ジバコイル,でんき,はがね,じりょく,がんじょう,アナライズ,70,70,115,130,90,60,180
463,ベロベルト,ノーマル,x,マイペース,どんかん,ノーてんき,110,85,95,80,95,50,140
464,ドサイドン,じめん,いわ,ひらいしん,ハードロック,すてみ,115,140,130,55,55,40,282.8
465,モジャンボ,くさ,x,ようりょくそ,リーフガード,さいせいりょく,100,100,125,110,50,50,128.6
466,エレキブル,でんき,x,でんきエンジン,x,やるき,75,123,67,95,85,95,138.6
467,ブーバーン,ほのお,x,ほのおのからだ,x,やるき,75,95,67,125,95,83,68
468,トゲキッス,フェアリー,ひこう,はりきり,てんのめぐみ,きょううん,85,50,95,120,115,80,38
469,メガヤンマ,むし,ひこう,かそく,いろめがね,おみとおし,86,76,86,116,56,95,51.5
470,リーフィア,くさ,x,リーフガード,x,ようりょくそ,65,110,130,60,65,95,25.5
471,グレイシア,こおり,x,ゆきがくれ,x,アイスボディ,65,60,110,130,95,65,25.9
472,グライオン,じめん,ひこう,かいりきバサミ,すながくれ,ポイズンヒール,75,95,125,45,75,95,42.5
473,マンムー,こおり,じめん,どんかん,ゆきがくれ,あついしぼう,110,130,80,70,60,80,291
474,ポリゴンZ,ノーマル,x,てきおうりょく,ダウンロード,アナライズ,85,80,70,135,75,90,34
475,エルレイド,エスパー,かくとう,ふくつのこころ,x,せいぎのこころ,68,125,65,65,115,80,52
476,ダイノーズ,いわ,はがね,がんじょう,じりょく,すなのちから,60,55,145,75,150,40,340
477,ヨノワール,ゴースト,x,プレッシャー,x,おみとおし,45,100,135,65,135,45,106.6
478,ユキメノコ,こおり,ゴースト,ゆきがくれ,x,のろわれボディ,70,80,70,80,70,110,26.6
479,ロトム,でんき,ゴースト,ふゆう,x,x,50,50,77,95,77,91,0.3
480,ユクシー,エスパー,x,ふゆう,x,x,75,75,130,75,130,95,0.3
481,エムリット,エスパー,x,ふゆう,x,x,80,105,105,105,105,80,0.3
482,アグノム,エスパー,x,ふゆう,x,x,75,125,70,125,70,115,0.3
483,ディアルガ,はがね,ドラゴン,プレッシャー,x,テレパシー,100,120,120,150,100,90,683
484,パルキア,みず,ドラゴン,プレッシャー,x,テレパシー,90,120,100,150,120,100,336
485,ヒードラン,ほのお,はがね,もらいび,x,ほのおのからだ,91,90,106,130,106,77,430
486,レジギガス,ノーマル,x,スロースタート,x,x,110,160,110,80,110,100,420
487,ギラティナ(アナザー),ゴースト,ドラゴン,プレッシャー,x,テレパシー,150,100,120,100,120,90,750
488,クレセリア,エスパー,x,ふゆう,x,x,120,70,120,75,130,85,85.6
489,フィオネ,みず,x,うるおいボディ,x,x,80,80,80,80,80,80,3.1
490,マナフィ,みず,x,うるおいボディ,x,x,100,100,100,100,100,100,1.4
491,ダークライ,あく,x,ナイトメア,x,x,70,90,90,135,90,125,50.5
492s,シェイミ空,くさ,ひこう,てんのめぐみ,x,x,100,103,75,120,75,127,5.2
492,シェイミ陸,くさ,x,しぜんかいふく,x,x,100,100,100,100,100,100,2.1
493,アルセウス,ノーマル,x,マルチタイプ,x,x,120,120,120,120,120,120,320
494,ビクティニ,エスパー,ほのお,しょうりのほし,x,x,100,100,100,100,100,100,4
495,ツタージャ,くさ,x,しんりょく,x,あまのじゃく,45,45,55,45,55,63,8.1
496,ジャノビー,くさ,x,しんりょく,x,あまのじゃく,60,60,75,60,75,83,16
497,ジャローダ,くさ,x,しんりょく,x,あまのじゃく,75,75,95,75,95,113,63
498,ポカブ,ほのお,x,もうか,x,あついしぼう,65,63,45,45,45,45,9.9
499,チャオブー,ほのお,かくとう,もうか,x,あついしぼう,90,93,55,70,55,55,55.5
500,エンブオー,ほのお,かくとう,もうか,x,すてみ,110,123,65,100,65,65,150
501,ミジュマル,みず,x,げきりゅう,x,シェルアーマー,55,55,45,63,45,45,5.9
502,フタチマル,みず,x,げきりゅう,x,シェルアーマー,75,75,60,83,60,60,24.5
503,ダイケンキ,みず,x,げきりゅう,x,シェルアーマー,95,100,85,108,70,70,94.6
504,ミネズミ,ノーマル,x,にげあし,するどいめ,アナライズ,45,55,39,35,39,42,11.6
505,ミルホッグ,ノーマル,x,はっこう,するどいめ,アナライズ,60,85,69,60,69,77,27
506,ヨーテリー,ノーマル,x,やるき,ものひろい,にげあし,45,60,45,25,45,55,4.1
507,ハーデリア,ノーマル,x,いかく,すなかき,きもったま,65,80,65,35,65,60,14.7
508,ムーランド,ノーマル,x,いかく,すなかき,きもったま,85,110,90,45,90,80,61
509,チョロネコ,あく,x,じゅうなん,かるわざ,いたずらごころ,41,50,37,50,37,66,10.1
510,レパルダス,あく,x,じゅうなん,かるわざ,いたずらごころ,64,88,50,88,50,106,37.5
511,ヤナップ,くさ,x,くいしんぼう,x,しんりょく,50,53,48,53,48,64,10.5
512,ヤナッキー,くさ,x,くいしんぼう,x,しんりょく,75,98,63,98,63,101,30.5
513,バオップ,ほのお,x,くいしんぼう,x,もうか,50,53,48,53,48,64,11
514,バオッキー,ほのお,x,くいしんぼう,x,もうか,75,98,63,98,63,101,28
515,ヒヤップ,みず,x,くいしんぼう,x,げきりゅう,50,53,48,53,48,64,13.5
516,ヒヤッキー,みず,x,くいしんぼう,x,げきりゅう,75,98,63,98,63,101,29
517,ムンナ,エスパー,x,シンクロ,よちむ,テレパシー,76,25,45,67,55,24,23.3
518,ムシャーナ,エスパー,x,シンクロ,よちむ,テレパシー,116,55,85,107,95,29,60.5
519,マメパト,ノーマル,ひこう,はとむね,きょううん,とうそうしん,50,55,50,36,30,43,2.1
520,ハトーボー,ノーマル,ひこう,はとむね,きょううん,とうそうしん,62,72,62,50,42,65,15
521,ケンホロウ,ノーマル,ひこう,はとむね,きょううん,とうそうしん,80,115,80,65,55,93,29
522,シママ,でんき,x,ひらいしん,でんきエンジン,そうしょく,45,60,32,50,32,76,29.8
523,ゼブライカ,でんき,x,ひらいしん,でんきエンジン,そうしょく,75,100,63,80,63,116,79.5
524,ダンゴロ,いわ,x,がんじょう,くだけるよろい,すなのちから,55,75,85,25,25,15,18
525,ガントル,いわ,x,がんじょう,くだけるよろい,すなのちから,70,105,105,50,40,20,102
526,ギガイアス,いわ,x,がんじょう,すなおこし,すなのちから,85,135,130,60,80,25,260
527,コロモリ,エスパー,ひこう,てんねん,ぶきよう,たんじゅん,65,45,43,55,43,72,2.1
528,ココロモリ,エスパー,ひこう,てんねん,ぶきよう,たんじゅん,67,57,55,77,55,114,10.5
529,モグリュー,じめん,x,すなかき,すなのちから,かたやぶり,60,85,40,30,45,68,8.5
530,ドリュウズ,じめん,はがね,すなかき,すなのちから,かたやぶり,110,135,60,50,65,88,40.4
531,タブンネ,ノーマル,x,いやしのこころ,さいせいりょく,ぶきよう,103,60,86,60,86,50,31
532,ドッコラー,かくとう,x,こんじょう,ちからずく,てつのこぶし,75,80,55,25,35,35,12.5
533,ドテッコツ,かくとう,x,こんじょう,ちからずく,てつのこぶし,85,105,85,40,50,40,40
534,ローブシン,かくとう,x,こんじょう,ちからずく,てつのこぶし,105,140,95,55,65,45,87
535,オタマロ,みず,x,すいすい,うるおいボディ,ちょすい,50,50,40,50,40,64,4.5
536,ガマガル,みず,じめん,すいすい,うるおいボディ,ちょすい,75,65,55,65,55,69,17
537,ガマゲロゲ,みず,じめん,すいすい,どくしゅ,ちょすい,105,95,75,85,75,74,62
538,ナゲキ,かくとう,x,こんじょう,せいしんりょく,かたやぶり,120,100,85,30,85,45,55.5
539,ダゲキ,かくとう,x,がんじょう,せいしんりょく,かたやぶり,75,125,75,30,75,85,51
540,クルミル,むし,くさ,ようりょくそ,むしのしらせ,ぼうじん,45,53,70,40,60,42,2.5
541,クルマユ,むし,くさ,ようりょくそ,むしのしらせ,ぼうじん,55,63,90,50,80,42,7.3
542,ハハコモリ,むし,くさ,ようりょくそ,むしのしらせ,ぼうじん,75,103,80,70,80,92,20.5
543,フシデ,むし,どく,どくのトゲ,むしのしらせ,かそく,30,45,59,30,39,57,5.3
544,ホイーガ,むし,どく,どくのトゲ,むしのしらせ,かそく,40,55,99,40,79,47,58.5
545,ペンドラー,むし,どく,どくのトゲ,むしのしらせ,かそく,60,100,89,55,69,112,200.5
546,モンメン,くさ,フェアリー,いたずらごころ,すりぬけ,ようりょくそ,40,27,60,37,50,66,0.6
547,エルフーン,くさ,フェアリー,いたずらごころ,すりぬけ,ようりょくそ,60,67,85,77,75,116,6.6
548,チュリネ,くさ,x,ようりょくそ,マイペース,リーフガード,45,35,50,70,50,30,6.6
549,ドレディア,くさ,x,ようりょくそ,マイペース,リーフガード,70,60,75,110,75,90,16.3
550,バスラオ,みず,x,すてみ,てきおうりょく,かたやぶり,70,92,65,80,55,98,18
551,メグロコ,じめん,あく,いかく,じしんかじょう,いかりのつぼ,50,72,35,35,35,65,15.2
552,ワルビル,じめん,あく,いかく,じしんかじょう,いかりのつぼ,60,82,45,45,45,74,33.4
553,ワルビアル,じめん,あく,いかく,じしんかじょう,いかりのつぼ,95,117,80,65,70,92,96.3
554,ダルマッカ,ほのお,x,はりきり,x,せいしんりょく,70,90,45,15,45,50,37.5
555,ヒヒダルマ,ほのお,x,ちからずく,x,ダルマモード,105,140,55,30,55,95,92.9
556,マラカッチ,くさ,x,ちょすい,ようりょくそ,よびみず,75,86,67,106,67,60,28
557,イシズマイ,むし,いわ,がんじょう,シェルアーマー,くだけるよろい,50,65,85,35,35,55,14.5
558,イワパレス,むし,いわ,がんじょう,シェルアーマー,くだけるよろい,70,105,125,65,75,45,200
559,ズルッグ,あく,かくとう,だっぴ,じしんかじょう,いかく,50,75,70,35,70,48,11.8
560,ズルズキン,あく,かくとう,だっぴ,じしんかじょう,いかく,65,90,115,45,115,58,30
561,シンボラー,エスパー,ひこう,ミラクルスキン,マジックガード,いろめがね,72,58,80,103,80,97,14
562,デスマス,ゴースト,x,ミイラ,x,x,38,30,85,55,65,30,1.5
563,デスカーン,ゴースト,x,ミイラ,x,x,58,50,145,95,105,30,76.5
564,プロトーガ,みず,いわ,ハードロック,がんじょう,すいすい,54,78,103,53,45,22,16.5
565,アバゴーラ,みず,いわ,ハードロック,がんじょう,すいすい,74,108,133,83,65,32,81
566,アーケン,いわ,ひこう,よわき,x,x,55,112,45,74,45,70,9.5
567,アーケオス,いわ,ひこう,よわき,x,x,75,140,65,112,65,110,32
568,ヤブクロン,どく,x,あくしゅう,ねんちゃく,ゆうばく,50,50,62,40,62,65,31
569,ダストダス,どく,x,あくしゅう,ねんちゃく,ゆうばく,80,95,82,60,82,75,107.3
570,ゾロア,あく,x,イリュージョン,x,x,40,65,40,80,40,65,12.5
571,ゾロアーク,あく,x,イリュージョン,x,x,60,105,60,120,60,105,81.1
572,チラーミィ,ノーマル,x,メロメロボディ,テクニシャン,スキルリンク,55,50,40,40,40,75,5.8
573,チラチーノ,ノーマル,x,メロメロボディ,テクニシャン,スキルリンク,75,95,60,65,60,115,7.5
574,ゴチム,エスパー,x,おみとおし,x,かげふみ,45,30,50,55,65,45,5.8
575,ゴチミル,エスパー,x,おみとおし,x,かげふみ,60,45,70,75,85,55,18
576,ゴチルゼル,エスパー,x,おみとおし,x,かげふみ,70,55,95,95,110,65,44
577,ユニラン,エスパー,x,ぼうじん,マジックガード,さいせいりょく,45,30,40,105,50,20,1
578,ダブラン,エスパー,x,ぼうじん,マジックガード,さいせいりょく,65,40,50,125,60,30,8
579,ランクルス,エスパー,x,ぼうじん,マジックガード,さいせいりょく,110,65,75,125,85,30,20.1
580,コアルヒー,みず,ひこう,するどいめ,はとむね,うるおいボディ,62,44,50,44,50,55,5.5
581,スワンナ,みず,ひこう,するどいめ,はとむね,うるおいボディ,75,87,63,87,63,98,24.2
582,バニプッチ,こおり,x,アイスボディ,ゆきがくれ,くだけるよろい,36,50,50,65,60,44,5.7
583,バニリッチ,こおり,x,アイスボディ,ゆきがくれ,くだけるよろい,51,65,65,80,75,59,41
584,バイバニラ,こおり,x,アイスボディ,ゆきふらし,くだけるよろい,71,95,85,110,95,79,57.5
585,シキジカ,ノーマル,くさ,ようりょくそ,そうしょく,てんのめぐみ,60,60,50,40,50,75,19.5
586,メブキジカ,ノーマル,くさ,ようりょくそ,そうしょく,てんのめぐみ,80,100,70,60,70,95,92.5
587,エモンガ,でんき,ひこう,せいでんき,x,でんきエンジン,55,75,60,75,60,103,5
588,カブルモ,むし,x,むしのしらせ,だっぴ,ノーガード,50,75,45,40,45,60,5.9
589,シュバルゴ,むし,はがね,むしのしらせ,シェルアーマー,ぼうじん,70,135,105,60,105,20,33
590,タマゲタケ,くさ,どく,ほうし,x,さいせいりょく,69,55,45,55,55,15,1
591,モロバレル,くさ,どく,ほうし,x,さいせいりょく,114,85,70,85,80,30,10.5
592,プルリル,みず,ゴースト,ちょすい,のろわれボディ,しめりけ,55,40,50,65,85,40,33
593,ブルンゲル,みず,ゴースト,ちょすい,のろわれボディ,しめりけ,100,60,70,85,105,60,135
594,ママンボウ,みず,x,いやしのこころ,うるおいボディ,さいせいりょく,165,75,80,40,45,65,31.6
595,バチュル,むし,でんき,ふくがん,きんちょうかん,むしのしらせ,50,47,50,57,50,65,0.6
596,デンチュラ,むし,でんき,ふくがん,きんちょうかん,むしのしらせ,70,77,60,97,60,108,14.3
597,テッシード,くさ,はがね,てつのとげ,x,てつのとげ,44,50,91,24,86,10,18.8
598,ナットレイ,くさ,はがね,てつのとげ,x,きけんよち,74,94,131,54,116,20,110
599,ギアル,はがね,x,プラス,マイナス,クリアボディ,40,55,70,45,60,30,21
600,ギギアル,はがね,x,プラス,マイナス,クリアボディ,60,80,95,70,85,50,51
601,ギギギアル,はがね,x,プラス,マイナス,クリアボディ,60,100,115,70,85,90,81
602,シビシラス,でんき,x,ふゆう,x,x,35,55,40,45,40,60,0.3
603,シビビール,でんき,x,ふゆう,x,x,65,85,70,75,70,40,22
604,シビルドン,でんき,x,ふゆう,x,x,85,115,80,105,80,50,80.5
605,リグレー,エスパー,x,テレパシー,シンクロ,アナライズ,55,55,55,85,55,30,9
606,オーベム,エスパー,x,テレパシー,シンクロ,アナライズ,75,75,75,125,95,40,34.5
607,ヒトモシ,ゴースト,ほのお,もらいび,ほのおのからだ,すりぬけ,50,30,55,65,55,20,3.1
608,ランプラー,ゴースト,ほのお,もらいび,ほのおのからだ,すりぬけ,60,40,60,95,60,55,13
609,シャンデラ,ゴースト,ほのお,もらいび,ほのおのからだ,すりぬけ,60,55,90,145,90,80,34.3
610,キバゴ,ドラゴン,x,とうそうしん,かたやぶり,きんちょうかん,46,87,60,30,40,57,18
611,オノンド,ドラゴン,x,とうそうしん,かたやぶり,きんちょうかん,66,117,70,40,50,67,36
612,オノノクス,ドラゴン,x,とうそうしん,かたやぶり,きんちょうかん,76,147,90,60,70,97,105.5
613,クマシュン,こおり,x,ゆきがくれ,ゆきかき,びびり,55,70,40,60,40,40,8.5
614,ツンベアー,こおり,x,ゆきがくれ,ゆきかき,すいすい,95,130,80,70,80,50,260
615,フリージオ,こおり,x,ふゆう,x,x,80,50,50,95,135,105,148
616,チョボマキ,むし,x,うるおいボディ,シェルアーマー,ぼうじん,50,40,85,40,65,25,7.7
617,アギルダー,むし,x,うるおいボディ,ねんちゃく,かるわざ,80,70,40,100,60,145,25.3
618,マッギョ,でんき,じめん,せいでんき,じゅうなん,すながくれ,109,66,84,81,99,32,11
619,コジョフー,かくとう,x,せいしんりょく,さいせいりょく,すてみ,45,85,50,55,50,65,20
620,コジョンド,かくとう,x,せいしんりょく,さいせいりょく,すてみ,65,125,60,95,60,105,35.5
621,クリムガン,ドラゴン,x,さめはだ,ちからずく,かたやぶり,77,120,90,60,90,48,139
622,ゴビット,じめん,ゴースト,てつのこぶし,ぶきよう,ノーガード,59,74,50,35,50,35,92
623,ゴルーグ,じめん,ゴースト,てつのこぶし,ぶきよう,ノーガード,89,124,80,55,80,55,330
624,コマタナ,あく,はがね,まけんき,せいしんりょく,プレッシャー,45,85,70,40,40,60,10.2
625,キリキザン,あく,はがね,まけんき,せいしんりょく,プレッシャー,65,125,100,60,70,70,70
626,バッフロン,ノーマル,x,すてみ,そうしょく,ぼうおん,95,110,95,40,95,55,94.6
627,ワシボン,ノーマル,ひこう,するどいめ,ちからずく,はりきり,70,83,50,37,50,60,10.5
628,ウォーグル,ノーマル,ひこう,するどいめ,ちからずく,まけんき,100,123,75,57,75,80,41
629,バルチャイ,あく,ひこう,はとむね,ぼうじん,くだけるよろい,70,55,75,45,65,60,9
630,バルジーナ,あく,ひこう,はとむね,ぼうじん,くだけるよろい,110,65,105,55,95,80,39.5
631,クイタラン,ほのお,x,くいしんぼう,もらいび,しろいけむり,85,97,66,105,66,65,58
632,アイアント,むし,はがね,むしのしらせ,はりきり,なまけ,58,109,112,48,48,109,33
633,モノズ,あく,ドラゴン,はりきり,x,x,52,65,50,45,50,38,17.3
634,ジヘッド,あく,ドラゴン,はりきり,x,x,72,85,70,65,70,58,50
635,サザンドラ,あく,ドラゴン,ふゆう,x,x,92,105,90,125,90,98,160
636,メラルバ,むし,ほのお,ほのおのからだ,x,むしのしらせ,55,85,55,50,55,60,28.8
637,ウルガモス,むし,ほのお,ほのおのからだ,x,むしのしらせ,85,60,65,135,105,100,46
638,コバルオン,はがね,かくとう,せいぎのこころ,x,x,91,90,129,90,72,108,250
639,テラキオン,いわ,かくとう,せいぎのこころ,x,x,91,129,90,72,90,108,260
640,ビリジオン,くさ,かくとう,せいぎのこころ,x,x,91,90,72,90,129,108,200
641,トルネロス化,ひこう,x,いたずらごころ,x,まけんき,79,115,70,125,80,111,63
642,ボルトロス化,でんき,ひこう,いたずらごころ,x,まけんき,79,115,70,125,80,111,61
643,レシラム,ドラゴン,ほのお,ターボブレイズ,x,x,100,120,100,150,120,90,330
644,ゼクロム,ドラゴン,でんき,テラボルテージ,x,x,100,150,120,120,100,90,345
645,ランドロス化,じめん,ひこう,すなのちから,x,ちからずく,89,125,90,115,80,101,68
646,キュレム,ドラゴン,こおり,プレッシャー,x,x,125,130,90,130,90,95,325
647,ケルディオ,みず,かくとう,せいぎのこころ,x,x,91,72,90,129,90,108,48.5
648,メロエッタ(ステップ),ノーマル,かくとう,てんのめぐみ,x,x,100,128,90,77,77,128,6.5
648,メロエッタ(ボイス),ノーマル,エスパー,てんのめぐみ,x,x,100,77,77,128,128,90,6.5
649,ゲノセクト,むし,はがね,ダウンロード,x,x,71,120,95,120,95,99,82.5
650,ハリマロン,くさ,x,しんりょく,x,ぼうだん,56,61,65,48,45,38,9
651,ハリボーグ,くさ,x,しんりょく,x,ぼうだん,61,78,95,56,58,57,29
652,ブリガロン,くさ,かくとう,しんりょく,x,ぼうだん,88,107,122,74,75,64,90
653,フォッコ,ほのお,x,もうか,x,マジシャン,40,45,40,62,60,60,9.4
654,テールナー,ほのお,x,もうか,x,マジシャン,59,59,58,90,70,73,14.5
655,マフォクシー,ほのお,エスパー,もうか,x,マジシャン,75,69,72,114,100,104,39
656,ケロマツ,みず,x,げきりゅう,x,へんげんじざい,41,56,40,62,44,71,7
657,ゲコガシラ,みず,x,げきりゅう,x,へんげんじざい,54,63,52,83,56,97,10.9
658,ゲッコウガ,みず,あく,げきりゅう,x,へんげんじざい,72,95,67,103,71,122,40
659,ホルビー,ノーマル,x,ものひろい,ほおぶくろ,ちからもち,38,36,38,32,36,57,5
660,ホルード,ノーマル,じめん,ものひろい,ほおぶくろ,ちからもち,85,56,77,50,77,78,42.4
661,ヤヤコマ,ノーマル,ひこう,はとむね,x,はやてのつばさ,45,50,43,40,38,62,1.7
662,ヒノヤコマ,ほのお,ひこう,ほのおのからだ,x,はやてのつばさ,62,73,55,56,52,84,16
663,ファイアロー,ほのお,ひこう,ほのおのからだ,x,はやてのつばさ,78,81,71,74,69,126,24.5
664,コフキムシ,むし,x,りんぷん,ふくがん,フレンドガード,38,35,40,27,25,35,2.5
665,コフーライ,むし,x,だっぴ,x,フレンドガード,45,22,60,27,30,29,8.4
666,ビビヨン,むし,ひこう,りんぷん,ふくがん,フレンドガード,80,52,50,90,50,89,17
667,シシコ,ほのお,ノーマル,とうそうしん,きんちょうかん,じしんかじょう,62,50,58,73,54,72,13.5
668,カエンジシ,ほのお,ノーマル,とうそうしん,きんちょうかん,じしんかじょう,86,68,72,109,66,106,81.5
669,フラベベ,フェアリー,x,フラワーベール,x,きょうせい,44,38,39,61,79,42,0.1
670,フラエッテ,フェアリー,x,フラワーベール,x,きょうせい,54,45,47,75,98,52,0.9
671,フラージェス,フェアリー,x,フラワーベール,x,きょうせい,78,65,68,112,154,75,10
672,メェークル,くさ,x,そうしょく,x,くさのけがわ,66,65,48,62,57,52,31
673,ゴーゴート,くさ,x,そうしょく,x,くさのけがわ,123,100,62,97,81,68,91
674,ヤンチャム,かくとう,x,てつのこぶし,かたやぶり,きもったま,67,82,62,46,48,43,8
675,ゴロンダ,かくとう,あく,てつのこぶし,かたやぶり,きもったま,95,124,78,69,71,58,136
676,トリミアン,ノーマル,x,ファーコート,x,x,75,80,60,65,90,102,28
677,ニャスパー,エスパー,x,するどいめ,すりぬけ,マイペース,62,48,54,63,60,68,3.5
678,ニャオニクス♂,エスパー,x,するどいめ,すりぬけ,いたずらごころ,74,48,76,83,81,104,8.5
679,ヒトツキ,はがね,ゴースト,ノーガード,x,x,45,80,100,35,37,28,2
680,ニダンギル,はがね,ゴースト,ノーガード,x,x,59,110,150,45,49,35,4.5
681,ギルガルド,はがね,ゴースト,バトルスイッチ,x,x,60,50,150,50,150,60,53
682,シュシュプ,フェアリー,x,いやしのこころ,x,アロマベール,78,52,60,63,65,23,0.5
683,フレフワン,フェアリー,x,いやしのこころ,x,アロマベール,101,72,72,99,89,29,15.5
684,ペロッパフ,フェアリー,x,スイートベール,x,かるわざ,62,48,66,59,57,49,3.5
685,ペロリーム,フェアリー,x,スイートベール,x,かるわざ,82,80,86,85,75,72,5
686,マーイーカ,あく,エスパー,あまのじゃく,きゅうばん,すりぬけ,53,54,53,37,46,45,3.5
687,カラマネロ,あく,エスパー,あまのじゃく,きゅうばん,すりぬけ,86,92,88,68,75,73,47
688,カメテテ,いわ,みず,かたいツメ,スナイパー,わるいてぐせ,42,52,67,39,56,50,31
689,ガメノデス,いわ,みず,かたいツメ,スナイパー,わるいてぐせ,72,105,115,54,86,68,96
690,クズモー,どく,みず,どくのトゲ,どくしゅ,てきおうりょく,50,60,60,60,60,30,7.3
691,ドラミドロ,どく,ドラゴン,どくのトゲ,どくしゅ,てきおうりょく,65,75,90,97,123,44,81.5
692,ウデッポウ,みず,x,メガランチャー,x,x,50,53,62,58,63,44,8.3
693,ブロスター,みず,x,メガランチャー,x,x,71,73,88,120,89,59,35.3
694,エリキテル,でんき,ノーマル,かんそうはだ,すながくれ,サンパワー,44,38,33,61,43,70,6
695,エレザード,でんき,ノーマル,かんそうはだ,すながくれ,サンパワー,62,55,52,109,94,109,21
696,チゴラス,いわ,ドラゴン,がんじょうあご,x,いしあたま,58,89,77,45,45,48,26
697,ガチゴラス,いわ,ドラゴン,がんじょうあご,x,いしあたま,82,121,119,69,59,71,270
698,アマルス,いわ,こおり,フリーズスキン,x,ゆきふらし,77,59,50,67,63,46,25.2
699,アマルルガ,いわ,こおり,フリーズスキン,x,ゆきふらし,123,77,72,99,92,58,225
700,ニンフィア,フェアリー,x,メロメロボディ,x,フェアリースキン,95,65,65,110,130,60,23.5
701,ルチャブル,かくとう,ひこう,じゅうなん,かるわざ,かたやぶり,78,92,75,74,63,118,21.5
702,デデンネ,でんき,フェアリー,ほおぶくろ,ものひろい,プラス,67,58,57,81,67,101,2.2
703,メレシー,いわ,フェアリー,クリアボディ,x,がんじょう,50,50,150,50,150,50,5.7
704,ヌメラ,ドラゴン,x,そうしょく,うるおいボディ,ぬめぬめ,45,50,35,55,75,40,2.8
705,ヌメイル,ドラゴン,x,そうしょく,うるおいボディ,ぬめぬめ,68,75,53,83,113,60,17.5
706,ヌメルゴン,ドラゴン,x,そうしょく,うるおいボディ,ぬめぬめ,90,100,70,110,150,80,150.5
707,クレッフィ,はがね, フェアリー,いたずらごころ,x,マジシャン,57,80,91,80,87,75,3
708,ボクレー,ゴースト,くさ,しぜんかいふく,おみとおし,しゅうかく,43,70,48,50,60,38,7
709,オーロット,ゴースト,くさ,しぜんかいふく,おみとおし,しゅうかく,85,110,76,65,82,56,71
710,バケッチャ,ゴースト,くさ,ものひろい,おみとおし,ふみん,59,66,70,44,55,41,15
711,パンプジン,ゴースト,くさ,ものひろい,おみとおし,ふみん,85,100,122,58,75,54,39
711,パンプジン小,ゴースト,くさ,ものひろい,おみとおし,ふみん,55,85,122,58,75,99,39
711,パンプジン大,ゴースト,くさ,ものひろい,おみとおし,ふみん,75,95,122,58,75,69,39
711,パンプジン中,ゴースト,くさ,ものひろい,おみとおし,ふみん,65,90,122,58,75,84,39
712,カチコール,こおり,x,マイペース,アイスボディ,がんじょう,55,69,85,32,35,28,99.5
713,クレベース,こおり,x,マイペース,アイスボディ,がんじょう,95,117,184,44,46,28,505
714,オンバット,ひこう,ドラゴン,おみとおし,すりぬけ,テレパシー,40,30,35,45,40,55,8
715,オンバーン,ひこう,ドラゴン,おみとおし,すりぬけ,テレパシー,85,70,80,97,80,123,85
716,ゼルネアス,フェアリー,x,フェアリーオーラ,x,x,126,131,95,131,98,99,215
717,イベルタル,あく,ひこう,ダークオーラ,x,x,126,131,95,131,98,99,203
718,ジガルデ,ドラゴン,じめん,オーラブレイク,x,x,108,100,121,81,95,95,305
719,ディアンシー,いわ,フェアリー,クリアボディ,x,x,50,100,150,100,150,50,8.8
720,フーパ(いましめ),エスパー,ゴースト,マジシャン,x,x,80,110,60,150,130,70,9
720u,フーパ(ときはなたれし),エスパー,あく,マジシャン,x,x,80,160,60,170,130,80,490
115m,Mガルーラ,ノーマル,x,おやこあい,x,x,105,125,100,60,100,100,100
127m,Mカイロス,むし,ひこう,スカイスキン,x,x,65,155,120,65,90,105,59
130m,Mギャラドス,みず,ひこう,かたやぶり,x,x,95,155,109,70,130,81,305
142m,Mプテラ,いわ,ひこう,かたいツメ,x,x,80,135,85,70,95,150,79
150mx,MミュウツーＸ,エスパー,かくとう,ふくつのこころ,x,x,106,190,100,154,100,130,127
150my,MミュウツーY,エスパー,x,ふみん,x,x,106,150,70,194,120,140,33
15m,Mスピアー,むし,どく,てきおうりょく,x,x,65,150,40,15,80,145,40.5
181m,Mデンリュウ,でんき,ドラゴン,かたやぶり,x,x,90,95,105,165,110,45,61.5
18m,Mピジョット,ノーマル,ひこう,ノーガード,x,x,83,80,80,135,80,121,50.5
208m,Mハガネール,はがね,じめん,すなのちから,x,x,75,125,230,55,95,30,740
212m,Mハッサム,むし,はがね,テクニシャン,x,x,70,150,140,65,100,75,125
214m,Mヘラクロス,むし,かくとう,スキルリンク,x,x,80,185,115,40,105,75,62.5
229m,Mヘルガー,ほのお,あく,サンパワー,x,x,75,90,90,140,90,115,49.5
248m,Mバンギラス,いわ,あく,すなおこし,x,x,100,164,150,95,120,71,255
254m,Mジュカイン,くさ,ドラゴン,ひらいしん,x,x,70,110,75,145,85,145,55.2
257m,Mバシャーモ,ほのお,かくとう,かそく,x,x,80,160,80,130,80,100,52
260m,Mラグラージ,みず,じめん,すいすい,x,x,100,150,110,95,110,70,102
282m,Mサーナイト,エスパー,フェアリー,フェアリースキン,x,x,68,85,65,165,135,100,48.4
302m,Mヤミラミ,ゴースト,あく,マジックガード,x,x,50,85,125,85,115,20,161
303m,Mクチート,はがね,フェアリー,ちからもち,x,x,50,105,125,55,95,50,23.5
306m,Mボスゴドラ,はがね,x,フィルター,x,x,70,140,230,60,80,50,395
308m,Mチャーレム,かくとう,エスパー,ヨガパワー,x,x,60,100,85,80,85,100,31.5
310m,Mライボルト,でんき,x,いかく,x,x,70,75,80,135,80,135,44
319m,Mサメハダー,みず,あく,てきおうりょく,x,x,70,140,70,110,65,105,130.3
323m,Mバクーダ,ほのお,じめん,ちからずく,x,x,70,120,100,145,105,20,320.5
334m,Mチルタリス,ドラゴン,フェアリー,フェアリースキン,x,x,75,110,110,110,105,80,20.6
354m,Mジュペッタ,ゴースト,x,いたずらごころ,x,x,64,165,75,93,83,75,13
359m,Mアブソル,あく,x,マジックミラー,x,x,65,150,60,115,60,115,49
362m,Mオニゴーリ,こおり,x,フリーズスキン,x,x,80,120,80,120,80,100,350.2
373m,Mボーマンダ,ドラゴン,ひこう,スカイスキン,x,x,95,145,130,120,90,120,112.6
376m,Mメタグロス,はがね,エスパー,かたいツメ,x,x,80,145,150,105,110,110,942.9
380m,Mラティアス,ドラゴン,エスパー,ふゆう,x,x,80,100,120,140,150,110,70
381m,Mラティオス,ドラゴン,エスパー,ふゆう,x,x,80,130,100,160,120,110,52
382g,ゲンシカイオーガ,みず,x,はじまりのうみ,x,x,100,150,90,180,160,90,430
383g,ゲンシグラードン,ほのお,じめん,おわりのだいち,x,x,100,180,160,150,90,90,999.7
384m,Mレックウザ,ドラゴン,ひこう,デルタストリーム,x,x,105,180,100,180,100,115,392
386a,デオキシスA,エスパー,x,プレッシャー,x,x,50,180,20,180,20,150,60.8
386d,デオキシスD,エスパー,x,プレッシャー,x,x,50,70,160,70,160,90,60.8
386s,デオキシスS,エスパー,x,プレッシャー,x,x,50,95,90,95,90,180,60.8
3m,Mフシギバナ,くさ,どく,あついしぼう,x,x,80,100,123,122,120,80,155.5
428m,Mミミロップ,ノーマル,かくとう,きもったま,x,x,65,136,94,54,96,135,28.3
445m,Mガブリアス,ドラゴン,じめん,すなのちから,x,x,108,170,115,120,95,92,95
448m,Mルカリオ,はがね,かくとう,てきおうりょく,x,x,70,145,88,140,70,112,57.5
460m,Mユキノオー,こおり,くさ,ゆきふらし,x,x,90,132,105,132,105,30,185
475m,Mエルレイド,エスパー,かくとう,せいしんりょく,x,x,68,165,95,65,115,110,56.4
479c,ロトム草,でんき,くさ,ふゆう,x,x,50,65,107,105,107,86,0.3
479f,ロトム氷,でんき,こおり,ふゆう,x,x,50,65,107,105,107,86,0.3
479h,ロトム炎,でんき,ほのお,ふゆう,x,x,50,65,107,105,107,86,0.3
479s,ロトム飛,でんき,ひこう,ふゆう,x,x,50,65,107,105,107,86,0.3
479w,ロトム水,でんき,みず,ふゆう,x,x,50,65,107,105,107,86,0.3
487o,ギラティナ(オリジン),ゴースト,ドラゴン,ふゆう,x,x,150,120,100,120,100,90,650
531m,Mタブンネ,ノーマル,フェアリー,いやしのこころ,x,x,103,60,126,80,126,50,32
555d,ヒヒダルマ(ダルマ),ほのお,エスパー,ダルマモード,x,x,105,30,105,140,105,55,92.9
641a,トルネロス霊,ひこう,x,さいせいりょく,x, ,79,100,80,110,90,121,63
642a,ボルトロス霊,でんき,ひこう,ちくでん,x, ,79,105,70,145,80,101,61
645a,ランドロス霊,じめん,ひこう,いかく,x, ,89,145,90,105,80,91,68
646b,Bキュレム,ドラゴン,こおり,テラボルテージ,x,x,125,170,100,120,90,95,325
646w,Wキュレム,ドラゴン,こおり,ターボブレイズ,x,x,125,120,90,170,100,95,325
647k,ケルディオ(かくご),みず,かくとう,せいぎのこころ,x,x,91,72,90,129,90,108,48.5
65m,Mフーディン,エスパー,x,トレース,x,x,55,50,65,175,95,150,48
678f,ニャオニクス♀,エスパー,x,するどいめ,すりぬけ,かちき,74,48,76,83,81,104,8.5
681b,ギルガルド剣,はがね,ゴースト,バトルスイッチ,x,x,60,150,50,150,50,60,53
6mx,MリザードンX,ほのお,ひこう,かたいツメ,x,x,78,130,111,130,85,100,110.5
6my,MリザードンY,ほのお,ひこう,ひでり,x,x,78,104,78,159,115,100,100.5
80m,Mヤドラン,みず,エスパー,シェルアーマー,x,x,95,75,180,130,80,30,120
94m,Mゲンガー,ゴースト,どく,かげふみ,x,x,60,65,80,170,95,130,40.5
9m,Mカメックス,みず,x,メガランチャー,x,x,79,103,120,135,115,78,101.1
721,ボルケニオン,ほのお,みず,ちょすい,x, ,80,110,120,130,90,70,195
722,モクロー,くさ,ひこう,しんりょく,えんかく,x,68,55,55,50,50,42,1.5
723,フクスロー,くさ,ひこう,しんりょく,えんかく,x,78,75,75,70,70,52,16
724,ジュナイパー,くさ,ゴースト,しんりょく,えんかく,x,78,107,75,100,100,70,36.6
725,ニャビー,ほのお,x,もうか,いかく,x,45,65,40,60,40,70,4.3
726,ニャヒート,ほのお,x,もうか,いかく,x,65,85,50,80,50,90,25
727,ガオガエン,ほのお,あく,もうか,いかく,x,95,115,90,80,90,60,83
728,アシマリ,みず,x,げきりゅう,うるおいボイス,x,50,54,54,66,56,40,7.5
729,オシャマリ,みず,x,げきりゅう,うるおいボイス,x,60,69,69,91,81,50,17.5
730,アシレーヌ,みず,フェアリー,げきりゅう,うるおいボイス,x,80,74,74,126,116,60,44
731,ツツケラ,ノーマル,ひこう,するどいめ,スキルリンク,ものひろい,35,75,30,30,30,65,1.2
732,ケララッパ,ノーマル,ひこう,するどいめ,スキルリンク,ものひろい,55,85,50,40,50,75,14.8
733,ドデカバシ,ノーマル,ひこう,するどいめ,スキルリンク,ものひろい,80,120,75,75,75,60,26
734,ヤングース,ノーマル,x,はりこみ,がんじょうあご,てきおうりょく,48,70,30,30,30,45,6
735,デカグース,ノーマル,x,はりこみ,がんじょうあご,てきおうりょく,88,110,60,55,60,45,14.2
736,アゴジムシ,むし,x,むしのしらせ,x,x,47,62,45,55,45,46,4.4
737,デンヂムシ,むし,でんき,バッテリー,x,x,57,82,95,55,75,36,10.5
738,クワガノン,むし,でんき,ふゆう,x,x,77,70,90,145,75,43,45
739,マケンカニ,かくとう,x,かいりきバサミ,てつのこぶし,いかりのつぼ,47,82,57,42,47,63,7
740,ケケンカニ,かくとう,こおり,かいりきバサミ,てつのこぶし,いかりのつぼ,97,132,77,62,67,43,180
741,オドリドリ(めらめら),ほのお,ひこう,おどりこ,x,x,75,70,70,98,70,93,3.4
741p,オドリドリ(ぱちぱち),でんき,ひこう,おどりこ,x,x,75,70,70,98,70,93,3.4
741f,オドリドリ(ふらふら),エスパー,ひこう,おどりこ,x,x,75,70,70,98,70,93,3.4
741m,オドリドリ(まいまい),ゴースト,ひこう,おどりこ,x,x,75,70,70,98,70,93,3.4
742,アブリー,むし,フェアリー,みつあつめ,りんぷん,スイートベール,40,45,40,55,40,84,0.2
743,アブリボン,むし,フェアリー,みつあつめ,りんぷん,スイートベール,60,55,60,95,70,124,0.5
744,イワンコ,いわ,x,するどいめ,やるき,ふくつのこころ,45,65,40,30,40,60,9.2
745a,ルガルガン昼,いわ,x,するどいめ,やるき,ふくつのこころ,75,115,65,55,65,112,25
745b,ルガルガン夜,いわ,x,するどいめ,やるき,ノーガード,85,115,75,55,75,82,25
745c,ルガルガン黄昏,いわ,x,かたいツメ,x,x,75,117,65,55,65,110,25
746,ヨワシ,みず,x,ぎょぐん,x,x,45,20,20,25,25,40,0.3
746,ヨワシ群,みず,x,ぎょぐん,x,x,45,140,130,140,135,30,78.6
747,ヒドイデ,どく,みず,ひとでなし,じゅうなん,さいせいりょく,50,53,62,43,52,45,8
748,ドヒドイデ,どく,みず,ひとでなし,じゅうなん,さいせいりょく,50,63,152,53,142,35,14.5
749,ドロバンコ,じめん,x,マイペース,じきゅうりょく,せいしんりょく,70,100,70,45,55,45,110
750,バンバドロ,じめん,x,マイペース,じきゅうりょく,せいしんりょく,100,125,100,55,85,35,920
751,シズクモ,みず,むし,すいほう,ちょすい,x,38,40,52,40,72,27,4
752,オニシズクモ,みず,むし,すいほう,ちょすい,x,68,70,92,50,132,42,82
753,カリキリ,くさ,x,リーフガード,あまのじゃく,x,40,55,35,50,35,35,1.5
754,ラランテス,くさ,x,リーフガード,あまのじゃく,x,70,105,90,80,90,45,18.5
755,ネマシュ,くさ,フェアリー,はっこう,ほうし,あめうけざら,40,35,55,65,75,15,1.5
756,マシェード,くさ,フェアリー,はっこう,ほうし,あめうけざら,60,45,80,90,100,30,11.5
757,ヤトウモリ,どく,ほのお,ふしょく,どんかん,x,48,44,40,71,40,77,4.8
758,エンニュート,どく,ほのお,ふしょく,どんかん,x,68,64,60,111,60,117,22.2
759,ヌイコグマ,ノーマル,かくとう,もふもふ,ぶきよう,メロメロボディ,70,75,50,45,50,50,6.8
760,キテルグマ,ノーマル,かくとう,もふもふ,ぶきよう,きんちょうかん,120,125,80,55,60,60,135
761,アマカジ,くさ,x,リーフガード,どんかん,スイートベール,42,30,38,30,38,32,3.2
762,アママイコ,くさ,x,リーフガード,どんかん,スイートベール,52,40,48,40,48,62,8.2
763,アマージョ,くさ,x,リーフガード,じょおうのいげん,スイートベール,72,120,98,50,98,72,21.4
764,キュワワー,フェアリー,x,フラワーベール,ヒーリングシフト,しぜんかいふく,51,52,90,82,110,100,0.3
765,ヤレユータン,ノーマル,エスパー,せいしんりょく,テレパシー,きょうせい,90,60,80,90,110,60,76
766,ナゲツケサル,かくとう,x,レシーバー,まけんき,x,100,120,90,40,60,80,82.8
767,コソクムシ,むし,みず,にげごし,x,x,25,35,40,20,30,80,12
768,グソクムシャ,むし,みず,ききかいひ,x,x,75,125,140,60,90,40,108
769,スナバァ,ゴースト,じめん,みずがため,すながくれ,x,55,55,80,70,45,15,70
770,シロデスナ,ゴースト,じめん,みずがため,すながくれ,x,85,75,110,100,75,35,250
771,ナマコブシ,みず,x,とびだすなかみ,てんねん,x,55,60,130,30,130,5,1.2
772,タイプ：ヌル,ノーマル,x,カブトアーマー,x,x,95,95,95,95,95,59,120.5
773,シルヴァディ,ノーマル,x,ARシステム,x,x,95,95,95,95,95,95,100.5
774,メテノ,いわ,ひこう,リミットシールド,x,x,60,60,100,60,100,60,40
774,メテノ(コア),いわ,ひこう,リミットシールド,x,x,60,100,60,100,60,120,0.3
775,ネッコアラ,ノーマル,x,ぜったいねむり,x,x,65,115,65,75,95,65,19.9
776,バクガメス,ほのお,ドラゴン,シェルアーマー,x,x,60,78,135,91,85,36,212
777,トゲデマル,でんき,はがね,てつのトゲ,ひらいしん,がんじょう,65,98,63,40,73,96,3.3
778,ミミッキュ,ゴースト,フェアリー,ばけのかわ,x,x,55,90,80,50,105,96,0.7
779,ハギギシリ,みず,エスパー,ビビットボディ,がんじょうあご,ミラクルスキン,68,105,70,70,70,92,19
780,ジジーロン,ノーマル,ドラゴン,ぎゃくじょう,そうしょく,ノーてんき,78,60,85,135,91,36,185
781,ダダリン,ゴースト,くさ,はがねつかい,x,x,70,131,100,86,90,40,210
782,ジャラコ,ドラゴン,x,ぼうだん,ぼうおん,ぼうじん,45,55,65,45,45,45,29.7
783,ジャランゴ,ドラゴン,かくとう,ぼうだん,ぼうおん,ぼうじん,55,75,90,65,70,65,47
784,ジャラランガ,ドラゴン,かくとう,ぼうだん,ぼうおん,ぼうじん,75,110,125,100,105,85,78.2
785,カプ・コケコ,でんき,フェアリー,エレキメイカー,テレパシー,x,70,115,85,95,75,130,20.5
786,カプ・テテフ,エスパー,フェアリー,サイコメイカー,テレパシー,x,70,85,75,130,115,95,18.6
787,カプ・ブルル,くさ,フェアリー,グラスメイカー,テレパシー,x,70,130,115,85,95,75,45.5
788,カプ・レヒレ,みず,フェアリー,ミストメイカー,テレパシー,x,70,75,115,95,130,85,21.2
789,コスモッグ,エスパー,x,てんねん,x,x,43,29,31,29,31,37,0.1
790,コスモウム,エスパー,x,がんじょう,x,x,43,29,131,29,131,37,999.9
791,ソルガレオ,エスパー,はがね,メタルプロテクト,x,x,137,137,107,113,89,97,230
792,ルナアーラ,エスパー,ゴースト,ファントムガード,x,x,137,113,89,137,107,97,120
793,ウツロイド,いわ,どく,ビーストブースト,x,x,109,53,47,127,131,103,55.5
794,マッシブーン,むし,かくとう,ビーストブースト,x,x,107,139,139,53,53,79,333.3
795,フェローチェ,むし,かくとう,ビーストブースト,x,x,71,137,37,137,37,151,25
796,デンジュモク,でんき,x,ビーストブースト,x,x,83,89,71,173,71,83,100
797,テッカグヤ,はがね,ひこう,ビーストブースト,x,x,97,101,103,107,101,61,999.9
798,カミツルギ,くさ,はがね,ビーストブースト,x,x,59,181,131,59,31,109,0.1
799,アクジキング,あく,ドラゴン,ビーストブースト,x,x,223,101,53,97,53,43,888
800,ネクロズマ,エスパー,x,プリズムアーマー,x,x,97,107,101,127,89,79,230
800s,ネクロズマ日,エスパー,はがね,プリズムアーマー,x,x,97,157,127,113,109,77,460
800m,ネクロズマ月,エスパー,ゴースト,プリズムアーマー,x,x,97,113,109,157,127,77,350
800u,ネクロズマ(ウルトラ),エスパー,ドラゴン,ブレインフォース,x,x,97,167,97,167,97,129,230
801,マギアナ,はがね,エスパー,ソウルハート,x,x,80,95,115,130,115,65,80.5
802,マーシャドー,かくとう,ゴースト,テクニシャン,x,x,90,125,80,90,90,125,22.2
803,ベベノム,どく,x,ビーストブースト,x,x,67,73,67,73,67,73,1.8
804,アーゴヨン,どく,ドラゴン,ビーストブースト,x,x,73,73,73,127,73,121,150
805,ツンデツンデ,いわ,はがね,ビーストブースト,x,x,61,131,211,53,101,13,820
806,ズガドーン,ほのお,ゴースト,ビーストブースト,x,x,53,127,53,151,79,107,13
19a,コラッタR,あく,ノーマル,くいしんぼう,はりきり,あついしぼう,30,56,35,25,35,72,3.8
20a,ラッタR,あく,ノーマル,くいしんぼう,はりきり,あついしぼう,75,71,70,40,80,77,25.5
26a,ライチュウR,でんき,エスパー,サーフテール,x,x,60,85,50,95,85,110,21
27a,サンドR,こおり,はがね,ゆきがくれ,ゆきかき,x,50,75,90,10,35,40,40
28a,サンドパンR,こおり,はがね,ゆきがくれ,ゆきかき,x,75,100,120,25,65,65,29.5
29a,ロコンR,こおり,x,ゆきがくれ,ゆきふらし,x,38,41,40,50,65,65,9.9
30a,キュウコンR,こおり,フェアリー,ゆきがくれ,ゆきふらし,x,73,67,75,81,100,109,19.9
50a,ディグダR,じめん,はがね,すながくれ,カーリーヘアー,すなのちから,10,55,30,35,45,90,1
51a,ダグトリオR,じめん,はがね,すながくれ,カーリーヘアー,すなのちから,35,100,60,50,70,110,66.6
52a,ニャースR,あく,x,ものひろい,テクニシャン,びびり,40,35,35,50,40,90,4.2
53a,ペルシアンR,あく,x,ファーコート,テクニシャン,びびり,65,60,60,75,65,115,33
74a,イシツブテR,いわ,でんき,じりょく,がんじょう,エレキスキン,40,80,100,30,30,20,20.3
75a,ゴローンR,いわ,でんき,じりょく,がんじょう,エレキスキン,55,95,115,45,45,35,110
76a,ゴローニャR,いわ,でんき,じりょく,がんじょう,エレキスキン,80,120,130,55,65,45,316
88a,ベトベターR,どく,あく,どくしゅ,くいしんぼう,かがくのちから,80,80,50,40,50,25,42
89a,ベトベトンR,どく,あく,どくしゅ,くいしんぼう,かがくのちから,105,105,75,65,100,50,52
103a,ナッシーR,くさ,ドラゴン,おみとおし,しゅうかく,x,95,105,85,125,75,45,415.6
105a,ガラガラR,ほのお,ゴースト,のろわれボディ,ひらいしん,いしあたま,60,80,110,50,80,45,34
658f,サトシゲッコウガ,みず,あく,キズナヘンゲ,x,x,72,145,67,153,71,132,40
718f,ジガルデ10％,ドラゴン,じめん,オーラブレイク,スワームチェンジ,x,54,100,71,61,85,115,33.5
718,ジガルデ50％,ドラゴン,じめん,オーラブレイク,スワームチェンジ,x,108,100,121,81,95,95,305
718c,ジガルデ完,ドラゴン,じめん,スワームチェンジ,x,x,216,100,121,91,95,85,610
